original_filename,folder,relative_folder,suggested_filename,product,category,story_role,simple_description,primary_action,shot_type,hook_score,demo_score,reveal_score,broll_score,visual_interest_score,best_use,tags
1200 bonnet .mov,1200,1200,1200gsm-heavy-duty-drying-towel-in-use.mov,1200gsm Heavy Duty Drying Towel,drying,solution,Drying water droplets with towel,wiping water droplets,demo,6,8,7,5,7,Demonstrate drying towel effectiveness,"car,drying,towel,water-drops,clean,detail,1200gsm,heavy-duty"
1200 close badge.mov,1200,1200,1200gsm-heavy-duty-towel-drying-demo.mov,1200gsm Heavy Duty Drying Towel,drying,demo,Drying towel removes water from car,drying car hood,demo,6,8,7,5,7,demonstrates drying towel use clearly,"drying towel,car care,water droplets,car detailing,heavy duty,cleaning,rainy car"
1200 rear qtr.mov,1200,1200,1200gsm-heavy-duty-drying-towel-in-use.mov,1200gsm Heavy Duty Drying Towel,drying,solution,Using 1200gsm heavy duty drying towel,drying car surface,demo,6,8,7,5,7,demonstrate towel effectiveness drying car,"car, drying, towel, heavy-duty, wet surface, demonstration, cleaning"
1200 rear window.mov,1200,1200,1200gsm-heavy-duty-drying-towel-demo.mov,1200gsm Heavy Duty Drying Towel,drying,demo,Drying towel removing water on glass,drying car glass,demo,6,8,7,6,7,demonstrate drying power and water removal,"drying,towel,glass,water,car,cleaning,product demo"
1200 roof.mov,1200,1200,1200gsm-heavy-duty-drying-towel-demo.mov,1200gsm Heavy Duty Drying Towel,drying,demo,Drying car roof with heavy duty towel,drying car roof,demo,6,8,6,7,7,demonstrates product use effectively,"drying,towel,car,roof,heavy-duty"
1200 windscreen.mov,1200,1200,1200gsm-heavy-duty-towel-wiping-wet-glass.mov,1200gsm Heavy Duty Drying Towel,drying,solution,Towel removing water from glass,wiping glass,demo,6,8,7,6,7,demonstrating towel drying power,"drying,towel,water-removal,glass,cleaning,car-care"
IMG_0274.mov,1200,1200,1200gsm-heavy-duty-drying-towel-demo.mov,1200gsm Heavy Duty Drying Towel,drying,demo,Drying towel removes water droplets,dry car surface,demo,6,8,7,6,7,demo showing towel's water absorption,"drying,towel,water,car,absorb,clean,detail"
IMG_0275.mov,1200,1200,1200gsm-drying-towel-wiping-water-mist.mov,1200gsm Heavy Duty Drying Towel,drying,solution,Wiping water off shiny car surface,wiping water,demo,6,8,7,6,7,product demonstration of drying towel,"car, drying, towel, 1200gsm, water, wipe, demo"
IMG_0276.mov,1200,1200,1200gsm-towel-drying-demo.mov,1200gsm Heavy Duty Drying Towel,drying,demo,demonstrating drying towel use on car,drying car surface,demo,5,8,7,6,7,showing towel use and drying result,"drying,towel,car,detailing,clean,wash"
IMG_1194.MOV,1200,1200,1200gsm-heavy-duty-towel-drying-demo.mov,1200gsm Heavy Duty Drying Towel,drying,solution,Drying car with heavy duty towel,wiping car surface,demo,7,8,7,6,7,demonstrate product drying performance,"drying,towel,car washing,cleaning,heavy duty,1200gsm,car care"
IMG_1195.MOV,1200,1200,1200gsm-heavy-duty-drying-towel-demo.mov,1200gsm Heavy Duty Drying Towel,drying,demo,Drying car with heavy duty towel,drying car surface,demo,6,8,7,6,7,demonstrates product drying capability,"drying,towel,car-care,heavy-duty,water-removal"
IMG_1197.MOV,1200,1200,1200gsm-heavy-duty-drying-towel-demo.mov,1200gsm Heavy Duty Drying Towel,drying,demo,Using towel to dry car window,drying car window,demo,6,9,7,6,7,clear demonstration of product use,"car, drying, towel, wet window, cleaning"
IMG_1198.MOV,1200,1200,1200gsm-towel-wiping-water.mov,1200gsm Heavy Duty Drying Towel,drying,solution,Wiping water with heavy duty towel,wiping water,demo,6,8,7,5,7,demonstrating drying towel use,"drying,towel,water,wiping,car"
IMG_1199.MOV,1200,1200,1200gsm-heavy-duty-towel-drying-demo.mov,1200gsm Heavy Duty Drying Towel,drying,demo,Drying car with towel,drying car surface,demo,6,8,7,6,7,demonstrate towel use and drying effectiveness,"car,drying,towel,clean,water droplets"
IMG_1200.MOV,1200,1200,1200gsm-heavy-duty-drying-towel-demo.mov,1200gsm Heavy Duty Drying Towel,drying,demo,Showing towel drying water on car,drying car surface,demo,6,8,7,6,7,demonstrates drying ability clearly,"car, drying, towel, water, demo, wet, clean, surface"
IMG_1201.MOV,1200,1200,1200gsm-heavy-duty-drying-towel-windshield-dry.mov,1200gsm Heavy Duty Drying Towel,drying,solution,Drying windshield with heavy duty towel,drying windshield,demo,6,8,7,6,7,demonstrate drying towel effectiveness,"drying,towel,car,windshield,water,clean"
IMG_1202.MOV,1200,1200,1200gsm-heavy-duty-drying-towel-demo.mov,1200gsm Heavy Duty Drying Towel,drying,demo,Using towel to dry car side,drying car surface,demo,6,9,7,6,7,solution,"car drying, microfiber towel, car detailing, cleaning, wet car, drying"
IMG_1203.MOV,1200,1200,heavy-duty-drying-towel-demonstration.mov,1200gsm Heavy Duty Drying Towel,drying,solution,Drying car door with towel,drying car door,demo,7,8,7,6,7,demonstrating towel use and effectiveness,"car drying, heavy duty towel, wet car, water droplets, car wash, drying process"
IMG_1204.MOV,1200,1200,heavy-duty-drying-towel-in-action.mov,1200gsm Heavy Duty Drying Towel,drying,solution,Drying car with heavy duty towel,wiping car surface,demo,6,9,7,5,8,solution clips showing product use,"car wash,drying,towel,heavy duty,cleaning,car detailing"
IMG_1205.MOV,1200,1200,heavy-duty-towel-drying-demo.mov,1200gsm Heavy Duty Drying Towel,drying,solution,Drying wet car roof with towel,drying car roof,demo,7,9,8,7,8,solution video for drying,"car, drying, towel, 1200gsm, wet, roof, demo"
IMG_1212.MOV,1200,1200,heavy-duty-drying-towel-water-removal-demo.mov,1200gsm Heavy Duty Drying Towel,drying,demo,Using towel to dry car surface,wiping car surface,demo,7,9,8,6,7,demonstrating product use and drying result,"drying towel, heavy duty, car surface, water removal, demo, wiping, clean car, shiny paint"
IMG_1213.MOV,1200,1200,1200gsm-heavy-duty-towel-wiping-wet-car.mov,1200gsm Heavy Duty Drying Towel,drying,solution,Wiping wet car with drying towel,wiping car surface,demo,7,9,8,6,8,demonstrate drying towel effectiveness,"car, drying, towel, wet, cleaning, 1200gsm, heavy duty"
IMG_1221.MOV,1200,1200,1200gsm-heavy-duty-drying-towel-demo.mov,1200gsm Heavy Duty Drying Towel,drying,demo,Drying car roof with heavy duty towel,drying car roof,demo,5,8,6,4,6,demonstrates product use clearly,"drying,towel,car roof,water removal,heavy duty"
IMG_1319.mov,1200,1200,1200gsm-heavy-duty-drying-towel-showcase.mov,1200gsm Heavy Duty Drying Towel,drying,product_showcase,Showcasing heavy-duty drying towel,display towel packaging,product_shot,6,3,4,7,5,product introduction,"drying towel, packaging, car care, detailing"
IMG_1336.mov,1200,1200,heavy-duty-towel-drying-wet-car.mov,1200gsm Heavy Duty Drying Towel,drying,solution,Drying wet car with towel,wiping water off,demo,6,8,6,7,7,demonstrate drying method and product effectiveness,"car, drying, towel, water, clean, wipe, 1200gsm"
IMG_1343.mov,1200,1200,water-beading-on-1200gsm-towel.mov,1200gsm Heavy Duty Drying Towel,drying,problem,Water beads on car surface,show water drops,hook,7,2,5,6,7,opening shot showing water beading before drying,"water, beads, car, surface, wet, drying, 1200gsm"
IMG_1345.mov,1200,1200,1200gsm-heavy-duty-drying-towel-demo.mov,1200gsm Heavy Duty Drying Towel,drying,solution,Using towel to dry wet car,drying car surface,demo,7,9,8,6,7,showcasing drying effectiveness,"drying,towel,car care,wet car,cleaning"
IMG_1346.mov,1200,1200,1200gsm-heavy-duty-drying-towel-wiping-dew.mov,1200gsm Heavy Duty Drying Towel,drying,solution,Drying towel wiping water droplets,wiping water droplets,demo,6,8,5,6,7,demonstrating drying towel use,"drying,towel,water,droplets,clean,car"
IMG_1358.mov,1200,1200,street-kingz-1200gsm-heavy-duty-drying-towel-packaging.mov,1200gsm Heavy Duty Drying Towel,drying,product_showcase,Packaged 1200gsm drying towel close-up,show packaging,product_shot,6,3,2,7,5,Product showcase or broll clip,"towel, drying, packaging, heavy-duty, close-up, product"
IMG_1359.mov,1200,1200,1200gsm-heavy-duty-towel-product-shot.mov,1200gsm Heavy Duty Drying Towel,drying,product_showcase,Towel package on car roof,static display,product_shot,6,3,2,7,6,product showcase and b-roll,"towel, packaging, car, drying, product, showcase"
IMG_4002.mov,1200,1200,water-beading-on-car-surface-before-and-after-drying.mov,1200gsm Heavy Duty Drying Towel,drying,solution,Water beads before and after drying,drying car surface,demo,6,8,7,6,7,solution clip showing drying effectiveness,"water beads,drying,towel,car care,cleaning"
IMG_4004.mov,1200,1200,heavy-duty-towel-drying-demo.mov,1200gsm Heavy Duty Drying Towel,drying,demo,Drying rear window with towel,drying car window,demo,5,9,6,7,7,show towel effectiveness drying water droplets,"drying,towel,heavy duty,car window,water droplets,cleaning,demo"
IMG_4005.mov,1200,1200,water-drops-on-car-rear-window.mov,1200gsm Heavy Duty Drying Towel,drying,problem,Water droplets on rear car window,show water droplets,hook,7,3,2,6,7,opening clip highlighting water residue problem,"car, water, droplets, rear window, washing, drying problem, street kingz"
IMG_4006.mov,1200,1200,1200gsm-heavy-duty-towel-drying-demonstration.mov,1200gsm Heavy Duty Drying Towel,drying,solution,Drying towel on wet car glass,drying glass,demo,4,7,6,5,7,demonstrate drying effectiveness,"car, drying towel, water droplets, glass cleaning"
IMG_4007.mov,1200,1200,1200gsm-heavy-duty-drying-towel-demo.mov,1200gsm Heavy Duty Drying Towel,drying,demo,Drying towel removes water droplets,wiping water off car,demo,6,9,7,6,7,demonstrate drying and water absorption,"drying towel,water droplets,car roof,cleaning,drying"
IMG_4008.mov,1200,1200,cleaning-car-window-with-1200gsm-towel.mov,1200gsm Heavy Duty Drying Towel,drying,solution,Using towel to clean car window,wiping window,demo,6,8,7,6,7,demonstrating towel cleaning action,"car, window, towel, cleaning, drying, 1200gsm, demo"
IMG_4009.mov,1200,1200,1200gsm-heavy-duty-drying-towel-demo.mov,1200gsm Heavy Duty Drying Towel,drying,demo,drying wet car surface with towel,drying,demo,6,9,7,5,7,solution,"drying,towel,car wash,wet surface,product demo,1200gsm"
IMG_4011.mov,1200,1200,heavy-duty-towel-drying-water-droplets.mov,1200gsm Heavy Duty Drying Towel,drying,result,Water droplets on car before drying,show water droplets,reveal,6,2,7,6,7,result clip showing drying challenge,"water droplets,car roof,car paint,wet surface,pre-drying"
IMG_4012.mov,1200,1200,1200gsm-heavy-duty-drying-towel-wet-to-dry.mov,1200gsm Heavy Duty Drying Towel,drying,solution,Drying wet car surface with towel,drying car surface,demo,6,9,8,7,7,demonstrates drying towel use and result,"wet car, drying, towel, car care, cleaning, water droplets"
IMG_4014.mov,1200,1200,1200gsm-heavy-duty-towel-drying-wet-car-window.mov,1200gsm Heavy Duty Drying Towel,drying,solution,Drying wet car window with towel,wiping window,demo,6,8,5,6,7,demonstrate drying solution,"car, drying, towel, window, cleaning, wet"
IMG_4015.mov,1200,1200,1200gsm-heavy-duty-drying-towel-demonstration.mov,1200gsm Heavy Duty Drying Towel,drying,demo,Wiping water droplets off car glass,wiping glass,demo,6,8,7,5,7,demonstrating drying effect on glass,"car, drying, glass, cleaning, water droplets, towel"
IMG_4016.mov,1200,1200,heavy-duty-towel-drying-windshield.mov,1200gsm Heavy Duty Drying Towel,drying,solution,Drying windshield with heavy duty towel,drying windshield,demo,6,8,5,6,7,demonstrates drying step using towel,"car, drying, towel, windshield, water droplets, cleaning"
IMG_4017.mov,1200,1200,rain-drops-on-windshield-1200gsm-towel.mov,1200gsm Heavy Duty Drying Towel,drying,problem,Water droplets on car windshield,show droplets,hook,7,2,3,6,6,hook or establishing shot for drying problem,"water,droplets,windscreen,car,wet,rain"
IMG_4018.mov,1200,1200,1200gsm-heavy-duty-towel-drying-windshield.mov,1200gsm Heavy Duty Drying Towel,drying,solution,Drying wet windshield with heavy towel,drying windshield,demo,6,8,7,6,7,demonstrate drying performance and texture,"windshield,drying,towel,water,car,cleaning,wet"
IMG_4019.mov,1200,1200,heavy-duty-towel-drying-car-window.mov,1200gsm Heavy Duty Drying Towel,drying,solution,Heavy duty towel drying car window,drying window surface,demo,6,8,7,6,7,solution,"car, drying towel, window, water droplets, cleaning, drying"
IMG_4020.mov,1200,1200,1200gsm-heavy-duty-drying-towel-wet-car-surface.mov,1200gsm Heavy Duty Drying Towel,drying,problem,Water droplets on car surface,show water beads,hook,8,2,1,5,7,as a hook showing water on car,"water droplets,car surface,wet,1200gsm towel,drying problem"
IMG_4021.mov,1200,1200,1200gsm-heavy-duty-drying-towel-demonstration.mov,1200gsm Heavy Duty Drying Towel,drying,demo,Drying towel absorbing water quickly,towel drying car surface,demo,7,9,8,6,8,demonstrating drying towel effectiveness,"drying,towel,car-care,water-absorption,cleaning"
IMG_4038.mov,1200,1200,1200gsm-heavy-duty-drying-towel-demo-result.mov,1200gsm Heavy Duty Drying Towel,drying,solution,Drying car window with heavy-duty towel,drying car window,demo,7,8,7,6,7,solution or drying demo,"drying,car,window,heavy duty towel,cleaning,wet,water droplets"
IMG_4039.mov,1200,1200,heavy-duty-drying-towel-wiping-water-off-car.mov,1200gsm Heavy Duty Drying Towel,drying,solution,Wiping water off car surface,wiping water,demo,6,8,7,6,7,show product use for drying,"car, drying, water, towel, wiping, cleaning"
IMG_4040.mov,1200,1200,1200gsm-heavy-duty-drying-towel-demo.mov,1200gsm Heavy Duty Drying Towel,drying,solution,Using towel to dry car surface,drying car,demo,5,9,7,6,7,clear demonstration of drying product use,"car, drying, towel, wet, water droplets, close up"
IMG_4041.mov,1200,1200,1200gsm-heavy-duty-towel-drying-demonstration.mov,1200gsm Heavy Duty Drying Towel,drying,demo,Drying towel removes water droplets,drying car surface,demo,6,8,7,6,7,showcase drying effectiveness,"drying,towel,car,water,clean,detail,product,demonstration"
IMG_4042.mov,1200,1200,drying-1200gsm-heavy-duty-towel-demo.mov,1200gsm Heavy Duty Drying Towel,drying,demo,Drying car roof with towel,drying,demo,7,9,8,7,8,demonstrate towel drying effectiveness,"car, drying, towel, heavy duty, water, clean, wipe"
IMG_4043.mov,1200,1200,1200gsm-heavy-duty-drying-towel-demo.mov,1200gsm Heavy Duty Drying Towel,drying,demo,Drying car with heavy duty towel,drying car surface,demo,6,8,5,7,7,Showcase towel drying action,"car, drying, towel, heavy duty, wet, water droplets"
IMG_4044.mov,1200,1200,1200gsm-heavy-duty-drying-towel-use.mov,1200gsm Heavy Duty Drying Towel,drying,solution,Drying car window with towel,drying,demo,6,8,5,6,7,demonstrate product use for drying,"car, drying, towel, window, 1200gsm, heavy duty, cleaning"
IMG_4045.mov,1200,1200,wet-car-panel-drying-1200gsm-towel.mov,1200gsm Heavy Duty Drying Towel,drying,solution,Drying car panel with towel,wiping car panel,demo,6,8,7,5,7,demonstrate drying the car surface,"drying,towel,car,wet,surface,cleaning,detail"
IMG_4046.mov,1200,1200,1200gsm-heavy-duty-drying-towel-showcase.mov,1200gsm Heavy Duty Drying Towel,drying,product_showcase,Wet black car rear close-up,show wet surface,broll,4,2,3,8,6,broll to set context of drying need,"wet, black car, rear, close-up, droplets"
IMG_4047.mov,1200,1200,heavy-duty-drying-towel-effect-on-car.mov,1200gsm Heavy Duty Drying Towel,drying,result,Water beads on car surface drying,drying car surface,reveal,6,5,7,5,7,result,"car, water, drying, towel, 1200gsm, heavy-duty, exterior, shine"
IMG_4048.mov,1200,1200,1200gsm-towel-drying-trim.mov,1200gsm Heavy Duty Drying Towel,drying,solution,Drying car trim with heavy duty towel,wiping trim surface,demo,6,8,5,7,7,demonstrating towel effectiveness,"drying,towel,car,detailing,trim,wet,water"
IMG_4049.mov,1200,1200,1200gsm-heavy-duty-towel-drying-demo.mov,1200gsm Heavy Duty Drying Towel,drying,demo,Drying wet rear car panel,drying car surface,demo,6,8,7,6,7,demonstrating product drying effectiveness,"drying,towel,car wash,water droplets,detail"
IMG_4050.mov,1200,1200,1200gsm-drying-towel-removes-water-droplets.mov,1200gsm Heavy Duty Drying Towel,drying,solution,Towel removing water droplets,wiping car surface,demo,6,8,7,5,7,demonstrating drying towel effectiveness,"car wash,drying,towel,water removal,cleaning"
IMG_4051.mov,1200,1200,1200gsm-heavy-duty-drying-towel-demo.mov,1200gsm Heavy Duty Drying Towel,drying,demo,Drying car door with drying towel,drying car door,demo,6,8,5,6,7,product use demonstration,"car,drying,towel,water,wet,surface,cleaning"
IMG_4052.mov,1200,1200,1200gsm-drying-towel-wiping-water.mov,1200gsm Heavy Duty Drying Towel,drying,solution,Drying towel wiping water droplets,wiping car surface,demo,6,8,7,6,7,shows product use clearly,"car, water droplets, drying, towel, cleaning, demo, car detail"
IMG_4053.mov,1200,1200,1200gsm-heavy-duty-drying-towel-demo.mov,1200gsm Heavy Duty Drying Towel,drying,demo,Drying car hood with towel,drying car hood,demo,6,8,5,7,7,to show product in action drying,"car, hood, drying towel, water droplets, cleaning"
IMG_4054.mov,1200,1200,1200gsm-heavy-duty-drying-towel-demonstration.mov,1200gsm Heavy Duty Drying Towel,drying,solution,Drying car with heavy duty towel,drying car surface,demo,6,8,7,6,7,demonstrate towel efficiency on wet car surface,"drying,towel,car,wet,heavy duty,1200gsm"
IMG_4055.mov,1200,1200,1200gsm-heavy-duty-drying-towel-demonstration.mov,1200gsm Heavy Duty Drying Towel,drying,solution,Drying towel clears water drops,drying car surface,demo,7,9,8,6,7,demonstrate drying towel effectiveness,"drying,towel,car,water,droplets,clean,cloth,1200gsm"
IMG_4056.mov,1200,1200,water-beads-on-car-1200gsm-towel.mov,1200gsm Heavy Duty Drying Towel,drying,problem,Water beads on car surface,show water beads,hook,7,2,3,5,6,opening problem shot,"water, droplets, car, paint, beads, detail, drying"
IMG_4057.mov,1200,1200,1200gsm-heavy-duty-drying-towel-demo.mov,1200gsm Heavy Duty Drying Towel,drying,demo,Drying towel removing water droplets,wiping water droplets,demo,7,9,7,6,7,Show product in use drying car surface,"drying,towel,car,water-removal,clean,wet"
IMG_4058.mov,1200,1200,1200gsm-heavy-duty-drying-towel-water-beading.mov,1200gsm Heavy Duty Drying Towel,drying,result,Water beading on car surface,showing water beads,reveal,7,5,8,6,8,Showcasing water-repellent effect after drying,"water beads,car paint,wet surface,drying towel,result,clean car,close up"
IMG_4059.mov,1200,1200,heavy-duty-drying-towel-water-beading-and-drying-demo.mov,1200gsm Heavy Duty Drying Towel,drying,demo,Water beading and drying demonstration,drying car surface,demo,6,9,7,6,7,Demonstrate the heavy-duty towel drying power,"car, drying, water beading, towel, cleaning, black car, close-up"
IMG_4060.mov,1200,1200,heavy-duty-towel-quick-drying-demo.mov,1200gsm Heavy Duty Drying Towel,drying,demo,Using towel to dry car side,drying car surface,demo,7,8,6,7,7,Demonstrating product use drying car,"drying,towel,car,cleaning,product demo,reflection,water droplets"
IMG_4061.mov,1200,1200,cleaning-car-door-with-1200gsm-towel.mov,1200gsm Heavy Duty Drying Towel,drying,demo,Using heavy duty towel on car door,wiping car surface,demo,6,8,7,5,7,demonstrating towel use and effect,"drying,towel,car cleaning,heavy duty,car door,water droplets"
IMG_4062.mov,1200,1200,1200gsm-heavy-duty-drying-towel-demo.mov,1200gsm Heavy Duty Drying Towel,drying,demo,Drying towel removing water drops,wiping car window,demo,7,8,6,7,7,demonstrating product effectiveness,"drying,towel,water,drops,car,window,cleaning"
IMG_4063.mov,1200,1200,1200gsm-drying-towel-remove-water-mist.mov,1200gsm Heavy Duty Drying Towel,drying,solution,Drying rear window with towel,drying car window,demo,6,8,7,5,7,demonstrate drying effectiveness,"drying,towel,car-window,water-removal,cleaning"
IMG_4064.mov,1200,1200,1200gsm-heavy-duty-drying-towel-demo.mov,1200gsm Heavy Duty Drying Towel,drying,demo,Using towel to dry wet car surface,drying car surface,demo,6,9,8,7,7,demonstrating drying towel effectiveness,"car, drying, towel, water droplets, cleaning, 1200gsm, heavy duty"
IMG_4090 2.mov,1200,1200,1200gsm-heavy-duty-drying-towel-package.mov,1200gsm Heavy Duty Drying Towel,drying,product_showcase,Packaging of heavy duty drying towel,show packaging,product_shot,7,2,1,6,6,introducing product pack,"drying towel, packaging, product showcase, car care"
IMG_6637.MOV,1200,1200,1200gsm-heavy-duty-drying-towel-demo.mov,1200gsm Heavy Duty Drying Towel,drying,demo,Car being dried with towel,drying car surface,demo,5,8,6,5,6,demonstrate drying product effectiveness,"car, drying, towel, water removal, clean car, black car"
IMG_6643.MOV,1200,1200,1200gsm-heavy-duty-drying-towel-demo.mov,1200gsm Heavy Duty Drying Towel,drying,demo,Demonstrating water pickup and drying,wiping water,demo,6,8,7,6,7,Clear demo of drying towel effectiveness,"drying, towel, water, car, demo, 1200gsm, heavy-duty"
IMG_6644.MOV,1200,1200,1200gsm-heavy-duty-towel-drying-demo.mov,1200gsm Heavy Duty Drying Towel,drying,demo,Drying towel absorbing water droplets,drying water droplets,demo,6,8,7,6,7,demonstrate drying towel effectiveness,"drying towel, water droplets, car hood, absorb water, towel texture, vehicle care"
IMG_6645.MOV,1200,1200,1200gsm-heavy-duty-towel-drying-demo.mov,1200gsm Heavy Duty Drying Towel,drying,solution,Drying car roof with towel,drying,demo,6,8,7,6,7,showing drying towel in action,"car,drying,towel,1200gsm,heavy-duty,cleaning"
IMG_7974.MOV,1200,1200,1200gsm-drying-towel-demo-move-water.mov,1200gsm Heavy Duty Drying Towel,drying,demo,Drying towel removes water from car,dry water droplets,demo,6,8,7,6,7,demonstrates drying action and towel use,"drying,towel,car,water,removal,cleaning"
IMG_7975.MOV,1200,1200,1200gsm-heavy-duty-drying-towel-demo.mov,1200gsm Heavy Duty Drying Towel,drying,solution,Drying car hood with towel,drying,demo,6,8,7,5,7,demonstrate drying process and effectiveness,"drying,towel,car,cleaning,detail,wet,water"
IMG_7976.MOV,1200,1200,1200gsm-heavy-duty-towel-drying-demo.mov,1200gsm Heavy Duty Drying Towel,drying,demo,Drying car hood with towel,drying car surface,demo,6,8,7,5,7,demonstrates product drying use clearly,"car, drying, towel, 1200gsm, heavy duty, cleaning"
IMG_7980.MOV,1200,1200,1200gsm-heavy-duty-drying-towel-demo.mov,1200gsm Heavy Duty Drying Towel,drying,demo,Drying car door with towel,drying,demo,7,8,6,6,7,demonstrates towel drying use clearly,"car, drying, towel, demo, cleaning, 1200gsm, heavy duty"
IMG_7983.MOV,1200,1200,1200gsm-heavy-duty-towel-drying-demonstration.mov,1200gsm Heavy Duty Drying Towel,drying,solution,Drying car with 1200gsm towel,drying car surface,demo,7,8,6,5,7,solution in drying tutorial,"drying,towel,heavy-duty,car,cleaning,detail"
IMG_7984.MOV,1200,1200,1200gsm-heavy-duty-drying-towel-demo.mov,1200gsm Heavy Duty Drying Towel,drying,demo,Using towel to dry wet car surface,drying car,demo,6,9,7,6,7,Demonstrating drying towel effectiveness,"towel, drying, car wash, wet car, 1200gsm, heavy duty, microfiber"
IMG_9018.mov,1200,1200,1200gsm-heavy-duty-drying-towel-drying-demo.mov,1200gsm Heavy Duty Drying Towel,drying,solution,Car drying with 1200gsm towel,drying car door,demo,6,9,7,7,7,solution video showing towel use,"car drying,towel,wet car,cleaning,auto detailing,1200gsm"
800 Great.mov,800,800,800gsm-xl-drying-towel-demo.mov,800gsm XL Drying Towel,drying,demo,Drying wet car surface with towel,drying car,demo,6,9,8,7,7,solution,"car, drying, towel, 800gsm, wet, surface, demo"
800 bonnet.mov,800,800,800gsm-xl-drying-towel-demo.mov,800gsm XL Drying Towel,drying,solution,Drying towel removes water droplets,drying car hood,demo,6,8,7,6,7,demonstrate product drying power,"drying,towel,car cleaning,water droplets,car hood"
800 pass window.mov,800,800,800gsm-xl-drying-towel-demo.mov,800gsm XL Drying Towel,drying,demo,Drying car with XL towel,drying car surface,demo,6,8,5,7,7,demonstrate towel drying use,"drying,towel,car,water,cleaning,exterior"
800 rear window.mov,800,800,800gsm-xl-drying-towel-drying-rear-window.mov,800gsm XL Drying Towel,drying,solution,Drying rear window with towel,drying,demo,5,8,6,7,6,demonstrate drying the rear window,"drying,towel,car,window,cleaning"
800 roof.mov,800,800,water-beading-on-car-roof.mov,800gsm XL Drying Towel,drying,problem,Water beading on car roof,show water droplets,hook,7,2,4,6,7,opening hook to show water beading problem,"car, water, beading, roof, droplets, detailing"
IMG_0106.mov,800,800,800gsm-xl-drying-towel-wiping-hoody.mov,800gsm XL Drying Towel,drying,solution,Removing water with XL drying towel,wiping water,demo,6,8,7,6,7,demonstrate drying effectiveness,"drying,towel,water,car,cleaning,wiper,detail"
IMG_0108.mov,800,800,,,,,ERROR: Expecting value: line 1 column 1 (char 0),,,,,,,,,
IMG_0109.mov,800,800,800gsm-xl-drying-towel-demo-and-result.mov,800gsm XL Drying Towel,drying,solution,Drying towel removing water droplets,drying car roof,demo,7,8,7,6,7,demonstrate drying and water bead removal,"car, drying, towel, water droplets, clean, shine"
IMG_0110.mov,800,800,800gsm-xl-drying-towel-absorbing-water.mov,800gsm XL Drying Towel,drying,demo,Towel absorbing water from car roof,drying car,demo,6,8,7,6,7,solution,"drying,towel,car,water,absorb,clean"
IMG_0112.mov,800,800,800gsm-xl-drying-towel-demonstration.mov,800gsm XL Drying Towel,drying,solution,Using drying towel on wet car,drying car surface,demo,6,8,7,6,7,demonstrating product use and effectiveness,"car, drying, towel, water, cleaning, detailing, product use"
IMG_1207.MOV,800,800,800gsm-drying-towel-wet-to-dry-back-window.mov,800gsm XL Drying Towel,drying,result,Wet window drying transformation,drying glass,reveal,6,7,8,6,7,show drying result on rear window,"drying,towel,car window,water,cleaning,wet,drying towel"
IMG_1209.MOV,800,800,water-beads-on-car-window.mov,800gsm XL Drying Towel,drying,problem,Water beads on dirty car window,show water beads,hook,8,2,3,7,7,hook,"car, window, water, beads, droplets, detail, problem, drying"
IMG_1210.MOV,800,800,drying-towel-demonstration-clean-shiny-car.mov,800gsm XL Drying Towel,drying,solution,drying car with XL towel,drying car surface,demo,7,9,8,6,7,solution clip showing towel use and result,"drying,towel,car,clean,wet,detail,reflection,shiny"
IMG_1211.MOV,800,800,800gsm-xl-drying-towel-drying-demo.mov,800gsm XL Drying Towel,drying,demo,Drying water droplets on car trim,drying car trim,demo,6,8,7,6,7,demonstrating effective drying,"car, drying, towel, water, droplets, trim, cleaning, detailing"
IMG_1214.MOV,800,800,800gsm-xl-drying-towel-wiping-car-hood.mov,800gsm XL Drying Towel,drying,demo,Wiping water off car hood,wiping,demo,6,8,7,5,6,showing water absorption and drying efficacy,"drying,towel,car cleaning,water removal,demonstration,car hood"
IMG_1216.MOV,800,800,800gsm-xl-drying-towel-window-drying.mov,800gsm XL Drying Towel,drying,solution,Using towel to dry wet car window,drying window,demo,5,8,7,6,6,product-use demonstration,"car, drying, towel, window, water, cleaning"
IMG_1218.MOV,800,800,800gsm-xl-drying-towel-demonstration.mov,800gsm XL Drying Towel,drying,demo,Drying car door with XL towel,drying car surface,demo,7,9,6,7,8,solution,"drying,towel,car detailing,wet car,clean car,car care"
IMG_1219.MOV,800,800,800gsm-xl-towel-drying-demo.mov,800gsm XL Drying Towel,drying,solution,Drying wet car surface,dry car with towel,demo,7,9,8,6,7,demonstrate drying with XL towel,"drying,towel,car wash,wet car,reflection,cleaning"
IMG_1220.MOV,800,800,800gsm-xl-towel-drying-demo.mov,800gsm XL Drying Towel,drying,demo,Using towel to dry car surface,drying car,demo,6,9,7,6,7,demo,"car,drying,towel,800gsm,xl,detailed,wet,clean"
IMG_1326.mov,800,800,800gsm-xl-drying-towel-demonstration.mov,800gsm XL Drying Towel,drying,solution,Using towel to dry wet car,drying car surface,demo,6,9,7,6,7,Demonstrate drying with towel,"drying,towel,car,wet,cleaning,detailing"
IMG_1327.mov,800,800,drying-towel-effectiveness-demo.mov,800gsm XL Drying Towel,drying,demo,Drying towel removes water droplets,wiping car surface,demo,6,8,7,6,7,solution,"drying,towel,car,water,wipe,cleaning,detail"
IMG_1328.mov,800,800,800gsm-xl-drying-towel-demo.mov,800gsm XL Drying Towel,drying,solution,Drying car with 800gsm towel,drying car,demo,7,8,7,6,7,Demonstrate towel use in drying,"car, drying, towel, 800gsm, clean, shine, water droplets"
IMG_1332.mov,800,800,800gsm-xl-drying-towel-before-after.mov,800gsm XL Drying Towel,drying,result,Before and after drying towel,drying surface,reveal,6,7,9,7,8,showcase drying towel effectiveness,"drying,towel,water,droplets,clean,shine,car,detail"
IMG_1333.mov,800,800,800gsm-xl-drying-towel-result.mov,800gsm XL Drying Towel,drying,result,Drying towel removes water streaks,drying car surface,reveal,7,6,8,7,7,result showcase,"drying,towel,car,water,drying-streaks,clean,shine"
IMG_1334.mov,800,800,water-spot-covered-car-boot.mov,800gsm XL Drying Towel,drying,problem,Car boot covered in water spots,show water spots,hook,7,1,2,6,5,opening problem shot,"car, water spots, dirty, boot, drying problem, detail, mercedes, c350"
IMG_1335.mov,800,800,800gsm-xl-drying-towel-demonstration.mov,800gsm XL Drying Towel,drying,solution,Drying towel removes water drops,drying car surface,demo,6,8,7,6,7,demonstrate towel drying effectiveness,"car,drying,towel,water,detail,clean"
IMG_1360.mov,800,800,800gsm-xl-towel-packaging.mov,800gsm XL Drying Towel,drying,product_showcase,Towel packaging on car surface,displaying packaging,product_shot,6,2,3,7,6,filler or intro to product detail,"packaging,towel,drying,car,exterior,closeup"
IMG_3952.mov,800,800,wet-car-then-xl-drying-towel-packaging.mov,800gsm XL Drying Towel,drying,problem,Wet car hood water droplets,show water droplets,hook,7,2,1,6,5,intro showing car needs drying,"car,wet,h2o,droplets,cleaning,wet surface"
IMG_3953.mov,800,800,800gsm-xl-drying-towel-packaging-splash.mov,800gsm XL Drying Towel,drying,product_showcase,Towel pack shown on car hood,hold towel pack,product_shot,6,4,3,7,6,product introduction and brand impression,"drying towel, packaging, car, water droplets, closeup"
IMG_3954.mov,800,800,xl-drying-towel-800gsm-product-reveal.mov,800gsm XL Drying Towel,drying,product_showcase,Drying towel package by car headlight,show product packaging,product_shot,7,3,6,7,6,Introduce product packaging visually,"drying towel, car care, product showcase, packaging, headlight, droplets"
IMG_3955.mov,800,800,800gsm-xl-drying-towel-demo.mov,800gsm XL Drying Towel,drying,demo,Drying wet car hood,drying car hood,demo,6,8,5,6,7,demonstrate drying towel use,"car, drying, towel, wet, cleaning, product demo"
IMG_3956.mov,800,800,800gsm-xl-drying-towel-demo-wet-car.mov,800gsm XL Drying Towel,drying,demo,Drying water droplets from car surface,drying car surface,demo,6,8,5,6,7,demonstrates product use drying a car,"car, drying, towel, water droplets, cleaning, detail"
IMG_3968.mov,800,800,800gsm-xl-drying-towel-dry-car-window.mov,800gsm XL Drying Towel,drying,solution,Drying car window with towel,drying car window,demo,6,8,7,6,7,solution demonstration of drying towel use,"car,drying,towel,window,cleaning,water,wet,dry"
IMG_3969.mov,800,800,800gsm-xl-drying-towel-drying-demonstration.mov,800gsm XL Drying Towel,drying,solution,Drying car rear window with towel,drying car window,demo,6,8,7,5,7,demonstrate towel's drying performance,"car, drying, towel, 800gsm, xl, cleaning, water droplets"
IMG_3970.mov,800,800,800gsm-xl-drying-towel-demonstration.mov,800gsm XL Drying Towel,drying,demo,Drying car glass with towel,drying glass,demo,6,8,7,6,7,Demonstrating product drying action,"car, drying, towel, water, glass, cleaning"
IMG_3971.mov,800,800,800gsm-xl-drying-towel-in-use.mov,800gsm XL Drying Towel,drying,solution,Car drying with 800gsm towel,drying car panel,demo,7,8,7,6,7,demonstrating drying efficiency,"drying,towel,car,water removal,cleaning"
IMG_3973.mov,800,800,800gsm-xl-drying-towel-removes-water.mov,800gsm XL Drying Towel,drying,solution,Drying towel removes water from car,wiping water,demo,6,8,7,6,7,solution,"drying,towel,water,car,cleaning,removal,wet"
IMG_3974.mov,800,800,800gsm-xl-drying-towel-water-droplet-removal.mov,800gsm XL Drying Towel,drying,demo,Towel drying water droplets off car,drying car surface,demo,6,8,7,6,7,showing towel effectiveness at drying,"car, drying, water droplets, towel, 800gsm, xl, cleaning"
IMG_4023.mov,800,800,800gsm-xl-drying-towel-demo-wet-car.mov,800gsm XL Drying Towel,drying,demo,Drying car roof with towel,drying,demo,6,8,7,5,7,demonstrate drying with towel,"drying,towel,car,water,wash,demo,roof"
IMG_4024.mov,800,800,800gsm-xl-drying-towel-drying-demo.mov,800gsm XL Drying Towel,drying,demo,Drying car roof with towel,drying with towel,demo,7,9,6,6,7,Demonstrate drying product in use,"drying,towel,car,roof,water,drying demo,cleaning"
IMG_4025.mov,800,800,water-beading-on-car-surface.mov,800gsm XL Drying Towel,drying,result,Water beads on clean car surface,show water beading,reveal,6,2,7,5,6,showing water repellency result on car surface,"water,beading,car,clean,surface,detail,drying"
IMG_4026.mov,800,800,800gsm-xl-drying-towel-demo.mov,800gsm XL Drying Towel,drying,demo,Using towel to dry car roof,drying with towel,demo,5,8,4,6,7,demonstrating towel use for drying,"car, drying, towel, water droplets, detail, wash"
IMG_4027.mov,800,800,800gsm-xl-drying-towel-water-beading.mov,800gsm XL Drying Towel,drying,result,Water beading on car window,show water beads,reveal,7,3,8,6,7,result,"water,beading,car,glass,clean,sheen,droplets"
IMG_4028.mov,800,800,water-beading-drying-towel-demo.mov,800gsm XL Drying Towel,drying,demo,Using drying towel on water beads,wiping car surface,demo,6,8,5,6,7,showing towel use on wet surface,"drying,towel,water-beads,car-detailing,wet-surface,demo"
IMG_4029.mov,800,800,800gsm-xl-drying-towel-wiping-water.mov,800gsm XL Drying Towel,drying,demo,Using towel to dry car surface,wiping car surface,demo,6,8,7,5,7,demonstrate drying with towel,"car, drying, towel, water, cleaning, surface, wipe"
IMG_4032.mov,800,800,800gsm-xl-drying-towel-water-beading.mov,800gsm XL Drying Towel,drying,problem,Water beading on car surface,show water beads,broll,5,3,4,7,6,supporting footage for drying problem,"water, beads, car, drying, surface, towel"
IMG_4033.mov,800,800,800gsm-xl-drying-towel-demo-mov.mov,800gsm XL Drying Towel,drying,demo,Drying car with 800gsm towel,drying car surface,demo,6,8,7,6,7,solution video showing drying process,"car, drying, towel, water droplets, cleaning, demonstration, shiny"
IMG_4034.mov,800,800,800gsm-xl-drying-towel-used-on-taillight.mov,800gsm XL Drying Towel,drying,demo,Drying car taillight with towel,drying car surface,demo,5,8,6,7,7,demonstrate drying with 800gsm towel,"drying,towel,car,light,wet,surface,800gsm,xl"
IMG_4035.mov,800,800,close-up-water-droplets-on-rear-light.mov,800gsm XL Drying Towel,drying,problem,Water droplets on car rear light,show droplets,hook,7,1,2,5,6,Opening hook to catch attention,"water, droplets, car, rear light, close-up, wet"
IMG_4036.mov,800,800,800gsm-xl-drying-towel-demo-wet-to-dry.mov,800gsm XL Drying Towel,drying,demo,Drying car body with XL towel,drying car,demo,7,9,8,6,8,solution,"drying,towel,car,wet,drying,tutorial,demo,detail"
IMG_4037.mov,800,800,drying-towel-demo-on-car-trunk.mov,800gsm XL Drying Towel,drying,solution,Using towel to dry car rear,drying car trunk,demo,6,8,5,7,7,solution demonstration showing product in use,"towel,drying,car rear,wet car,cleaning,car detailing"
IMG_4089 2.mov,800,800,800gsm-xl-drying-towel-packaging.mov,800gsm XL Drying Towel,drying,product_showcase,Showcasing packaged XL drying towel,show packaging,product_shot,7,1,1,7,6,intro product showcase or supporting b-roll,"drying,towel,packaging,product,car-care"
IMG_7221.MOV,800,800,800gsm-xl-drying-towel-unboxing.mov,800gsm XL Drying Towel,drying,product_showcase,Unboxing 800gsm XL drying towel,show packaging,demo,6,7,2,5,6,product showcase or intro,"drying towel, unboxing, street kingz, car care, product showcase"
IMG_7222.MOV,800,800,800gsm-xl-drying-towel-unboxing.mov,800gsm XL Drying Towel,drying,product_showcase,Unboxing 800gsm drying towel pouch,opening pouch,demo,6,7,3,5,6,product introduction,"unboxing, pouch, towel, drying, 800gsm, street kingz"
IMG_7223.MOV,800,800,800gsm-xl-drying-towel-unboxing.mov,800gsm XL Drying Towel,drying,product_showcase,Unboxing 800gsm XL drying towel,unboxing towel,product_shot,6,4,3,7,6,product introduction and branding,"unboxing, towel, drying, microfiber, car care, product packaging"
IMG_7224.MOV,800,800,800gsm-xl-drying-towel-demo.mov,800gsm XL Drying Towel,drying,demo,Using drying towel on wet car,drying car surface,demo,7,9,6,7,7,demo in solution videos,"towel,drying,car wash,wet car,detail"
IMG_7225.MOV,800,800,800gsm-xl-drying-towel-demonstration.mov,800gsm XL Drying Towel,drying,demo,Drying rear window with XL towel,drying car glass,demo,6,8,7,6,7,demonstrating drying product use,"drying,towel,car detailing,water droplets,glass cleaning"
IMG_7226.MOV,800,800,800gsm-xl-drying-towel-demo.mov,800gsm XL Drying Towel,drying,demo,Using drying towel on wet car,drying car surface,demo,6,8,7,6,7,demonstrate drying towel use,"drying,towel,car,cleaning,wet,surface"
IMG_7227.MOV,800,800,drying-car-with-800gsm-xl-drying-towel.mov,800gsm XL Drying Towel,drying,solution,Drying wet car with towel,drying car,demo,7,9,7,6,7,demonstrate towel drying action,"car,drying,towel,800gsm,xl,towel,detailed,wet,clean"
IMG_7228.MOV,800,800,drying-car-with-800gsm-xl-drying-towel.mov,800gsm XL Drying Towel,drying,solution,Man drying car with large towel,drying car,demo,6,9,7,6,7,demonstrate drying product use,"car, drying, towel, cleaning, outdoor, black car, microfiber"
IMG_7229.MOV,800,800,800gsm-xl-drying-towel-demo.mov,800gsm XL Drying Towel,drying,demo,Using towel to dry wet car surface,drying car,demo,6,8,7,5,7,solution,"car, drying, towel, water, detail, clean, shine"
IMG_7230.MOV,800,800,800gsm-xl-drying-towel-demo.mov,800gsm XL Drying Towel,drying,demo,Drying car panel with towel,drying car,demo,6,8,7,5,7,demonstrate towel drying ability,"drying,towel,car care,cleaning,detail,black car"
IMG_7231.MOV,800,800,800gsm-xl-drying-towel-demo.mov,800gsm XL Drying Towel,drying,demo,Drying car with XL towel,drying car surface,demo,5,9,7,6,7,demonstrate towel drying performance,"drying,towel,car wash,detailing,wet car,water removal"
IMG_7232.MOV,800,800,800gsm-xl-drying-towel-in-action.mov,800gsm XL Drying Towel,drying,demo,Using towel to dry car surface,drying car hood,demo,6,9,7,6,7,solution,"drying,towel,car wash,water removal,cleaning"
IMG_7233.MOV,800,800,800gsm-xl-drying-towel-in-action.mov,800gsm XL Drying Towel,drying,demo,Drying car hood with towel,drying,demo,6,8,7,6,7,solution,"car, drying, towel, water, cleaning, washing"
IMG_7234.MOV,800,800,800gsm-xl-drying-towel-demo.mov,800gsm XL Drying Towel,drying,demo,Drying car hood with towel,drying car hood,demo,5,8,6,6,7,solution,"drying,towel,car,water,wet,surface,cleaning"
IMG_7235.MOV,800,800,800gsm-xl-drying-towel-demo.mov,800gsm XL Drying Towel,drying,demo,Drying car bonnet with towel,drying water droplets,demo,6,8,7,5,6,solution,"drying,towel,car,water,detail,clean"
IMG_7236.MOV,800,800,800gsm-xl-drying-towel-demonstration.mov,800gsm XL Drying Towel,drying,solution,Drying towel removing water drops,drying car hood,demo,6,8,7,5,7,demonstrates drying effectiveness,"drying,towel,car,water,cleaning,demo"
IMG_7237.MOV,800,800,800gsm-xl-drying-towel-demonstration.mov,800gsm XL Drying Towel,drying,demo,Drying towel removes water from car hood,drying car hood,demo,6,8,7,6,7,solution,"drying,towel,car,water,wet,clean,hood,cleaning"
IMG_7238.MOV,800,800,800gsm-xl-drying-towel-demo-wiping-car-door.mov,800gsm XL Drying Towel,drying,demo,Wiping water from car door,wiping,demo,6,8,7,5,7,solution,"car, drying, towel, water, wipe, clean, demo"
IMG_7239.MOV,800,800,drying-rear-bumper-with-800gsm-xl-towel.mov,800gsm XL Drying Towel,drying,solution,Drying rear bumper with towel,drying with towel,demo,5,8,6,7,6,Show product in use drying car surface,"car, drying, towel, 800gsm, xl towel, rear bumper, demo"
IMG_7250.MOV,800,800,800gsm-xl-drying-towel-demo.mov,800gsm XL Drying Towel,drying,demo,Using towel to dry car surface,drying car,demo,6,8,7,5,7,solution,"drying,towel,car,water,reflection,clean,surface"
IMG_7971.MOV,800,800,800gsm-xl-drying-towel-drying-demo.mov,800gsm XL Drying Towel,drying,solution,Drying car with XL towel,drying car hood,demo,6,8,5,7,6,demonstrating drying towel use,"drying, towel, microfiber, car care, cleaning, car hood"
IMG_7972.MOV,800,800,800gsm-xl-drying-towel-demo.mov,800gsm XL Drying Towel,drying,solution,Using towel to dry wet car hood,car drying,demo,7,9,8,6,7,demonstrating product use on car surface,"car, drying, towel, detailing, cleaning, wet, hood"
IMG_7973.MOV,800,800,800gsm-xl-drying-towel-demo.mov,800gsm XL Drying Towel,drying,demo,Drying car hood with towel,drying car hood,demo,6,8,7,6,7,solution,"car, drying, detail, towel, cleaning, water, shine"
IMG_9003.mov,800,800,800gsm-xl-drying-towel-in-use.mov,800gsm XL Drying Towel,drying,solution,Drying car hood with towel,drying car surface,demo,6,8,7,6,7,demonstrate drying towel use,"drying,towel,car,hood,cleaning,detail,cloth"
IMG_4088 2.mov,Barrel Brush,Barrel Brush,xl-barrel-brush-close-up-demo.mov,XL Barrel Brush,wheels,solution,Close-up of XL Barrel Brush use,show brush details,demo,7,8,3,6,7,demonstrating brush use and features,"xc barrel brush, close-up, brush, car wheel, cleaning tool, detailing, demo"
IMG_1147.MOV,Before Wash,Before Wash,dirty-car-before-wash-closeup.mov,unclear,general,problem,Dirty car panel closeup,show dirt,hook,8,2,2,6,7,opening shot to show dirt problem,"dirty, car, closeup, panel, before wash, water droplets, grime"
IMG_1148.MOV,Before Wash,Before Wash,dirty-car-before-wash.mov,unclear,wheels,problem,Close-up on dirty wheel and body,show dirt buildup,hook,7,1,1,6,6,opening problem clip,"dirty, wheel, car, grime, before wash, close-up"
IMG_1149.MOV,Before Wash,Before Wash,dirty-wheel-closeup-before-wash.mov,unclear,wheels,problem,Dirty wheel close-up shot,show dirt,broll,4,1,1,6,5,problem,"wheel,dirt,car,before wash,closeup"
IMG_1150.MOV,Before Wash,Before Wash,dirty-car-wheel-and-body-before-wash.mov,unclear,wheels,problem,Close-up dirty wheel and body,show dirt,hook,7,1,1,5,6,problem,"dirty, car, wheel, mud, grime, before wash, road dirt"
IMG_1151.MOV,Before Wash,Before Wash,dirty-car-before-wash-closeup.mov,unclear,general,problem,Dirty car surface and lower panels,show dirt,broll,6,1,2,7,6,establishing problem shot,"dirty, car, mud, water, before wash, closeup, side panel"
IMG_1286.mov,Before Wash,Before Wash,dirty-car-before-wash.mov,unclear,general,problem,Dirty car exterior close-up,show dirt,broll,6,1,2,7,6,problem identification or broll,"dirty, car, exterior, before wash, close-up"
IMG_1287.mov,Before Wash,Before Wash,dirty-car-before-wash-detailing.mov,unclear,general,problem,Dirty car with grime and water marks,show dirt,hook,8,3,2,6,7,opening shot showing car dirt problem,"dirty car, grime, water marks, rear bumper, problem"
IMG_1288.mov,Before Wash,Before Wash,dirty-car-before-wash-mov,unclear,general,problem,Close-up of dirty car surfaces,show dirt,broll,6,1,1,8,6,problem introduction or filler,"dirty,car,close-up,dust,water-spots,exterior"
IMG_1289.mov,Before Wash,Before Wash,dirty-wheel-shot-before-wash.mov,unclear,wheels,problem,Dirty wheel close-up footage,show dirt,broll,5,2,1,7,6,problem introduction or b-roll footage,"wheel,dirt,close-up,dirty,before wash,car"
IMG_1290.mov,Before Wash,Before Wash,dirty-mercedes-wheel-before-wash.mov,,wheels,problem,Dirty Mercedes alloy wheel close-up,show dirty wheel,hook,7,1,1,4,6,problem,"dirty wheel,mercedes,alloy,wheel,dirt,close-up,before wash"
IMG_1291.mov,Before Wash,Before Wash,dirty-wheel-and-body-before-wash.mov,unclear,general,problem,Dirty wheel and dusty car body,show dirt,hook,7,1,1,6,6,problem,"dirty, wheel, dusty, car, before wash, problem"
IMG_1292.mov,Before Wash,Before Wash,dirty-black-car-before-wash.mov,unclear,general,problem,Dirty black car before wash,show dirty car,broll,6,1,1,7,6,establishing problem shot,"dirty car,before wash,black car,car wheel,car headlight,dirt"
IMG_3896.MOV,Before Wash,Before Wash,dirty-car-hood-before-wash.mov,unclear,general,problem,Close-up of dirty car hood,show dirt,broll,5,1,2,6,4,"intro to problem, dirt on car","car, hood, dirt, dust, before wash, street, uk"
IMG_3897.MOV,Before Wash,Before Wash,dirty-car-before-wash.mov,unclear,general,problem,Close-up of dirty black car,show dirt,broll,6,1,1,7,5,problem intro or b-roll,"car, dirty, black, close-up, dirt, grime, before wash, street"
IMG_3898.MOV,Before Wash,Before Wash,dirty-car-wheel-before-wash.mov,unclear,wheels,problem,dirty car wheel close-up,show dirt on wheel,hook,7,1,1,6,6,problem,"dirty, wheel, tire, car, close-up, before wash, grime"
IMG_3899.MOV,Before Wash,Before Wash,dirty-car-before-wash-closeup.mov,unclear,general,problem,Close-up of dirty car surface,show dirt,hook,7,1,2,6,6,problem,"car, dirty, close-up, surface, exterior, before wash, grime"
IMG_3900.MOV,Before Wash,Before Wash,dirty-car-rear-window-before-wash.mov,unclear,general,problem,Dirty rear window spotted,showing dirt spots,hook,7,1,2,5,6,as an opening problem clip,"dirty, rear window, dust, spots, before wash, car"
IMG_3901.MOV,Before Wash,Before Wash,dirty-car-roof-before-wash.mov,unclear,general,problem,Dirty car roof covered in spots,show dirty roof,reveal,7,1,6,5,6,problem,"car,dirt,roof,before wash,dirty,spots"
IMG_8194.MOV,Before Wash,Before Wash,dirty-car-before-wash-closeup.mov,unclear,general,problem,Close-up of dirty car paint,show dirt,hook,7,2,3,6,6,opening clip showing dirty car condition,"dirty, car, paint, closeup, before wash"
IMG_8195.MOV,Before Wash,Before Wash,dirty-car-before-wash.mov,unclear,general,problem,Close-up of dirty car paint surface,show dirt spots,hook,7,2,1,6,5,opening clip to show dirt problem,"dirty, paint, car, dust, close-up"
IMG_8196.MOV,Before Wash,Before Wash,dirty-car-dust-before-wash.mov,unclear,general,problem,Close-up of dusty car panel,showing dirt,broll,6,1,2,7,5,problem statement and b-roll,"car,dirt,dust,before wash,close-up,reflection"
IMG_8197.MOV,Before Wash,Before Wash,dirty-car-closeup-before-wash.mov,unclear,general,problem,Closeup of dirty car surface,show dirt,hook,7,1,1,6,5,problem,"dirty,car,closeup,pollution,dust,paint"
IMG_8198.MOV,Before Wash,Before Wash,dirty-car-before-wash.mov,unclear,general,problem,Dusty car roof close-up,show dirt,hook,7,2,1,5,6,opening problem shot to show car dirt,"dirty, car, dust, close-up, roof, before wash, problem"
IMG_3906.mov,Buckets,Buckets,cleaning-bucket-with-grit-guard.mov,Buckets and grit guards,general,demo,Closeup of bucket with grit guard,Filling bucket with water,demo,6,8,3,7,6,Product use demonstration,"bucket, grit guard, cleaning, water, detailing"
IMG_4084 2.mov,Buckets,Buckets,grit-guard-bucket-and-wash-mitt-assembly.mov,"Buckets and grit guards, Microfibre Wash Mitt",general,solution,Grit guard and mitt in bucket,show assembly,demo,5,7,4,6,6,demonstrate grit guard use,"bucket, grit guard, wash mitt, car cleaning, setup, demo"
IMG_4086 2.mov,Buckets,Buckets,street-kingz-bucket-with-grit-guard-and-barrel-brush.mov,buckets and grit guards,general,product_showcase,Bucket with grit guard and barrel brush,show bucket and brush,product_shot,5,6,3,7,6,product introduction or overview,"bucket, grit guard, barrel brush, car detailing, wash"
IMG_1364.mov,Bundles,Bundles,car-cleaning-bundle-on-car.mov,"Microfibre Wash Mitt, Shampoo, 1200gsm Heavy Duty Drying Towel",general,product_showcase,Street Kingz cleaning bundle on car,show products,product_shot,6,3,4,7,6,product_showcase,"microfibre, shampoo, drying towel, car cleaning, bundle"
IMG_1365.mov,Bundles,Bundles,microfibre-wash-mitt-shampoo-drying-towel-bundle.mov,"Microfibre Wash Mitt, Shampoo, 1200gsm Heavy Duty Drying Towel",product,product_showcase,"Wash mitt, shampoo and drying towel bundle",display products,product_shot,5,2,3,6,5,product showcase or bundle introduction,"microfibre mitt, shampoo, drying towel, bundle, car care, street kingz"
IMG_1234.MOV,Clean Car,Clean Car,clean-car-sunny-front-and-side.mov,unclear,general,result,Clean car front and side views,show car surface,reveal,6,1,7,6,7,show final clean car result,"car, clean, front, side, shine, outdoor"
IMG_1371.MOV,Clean Car,Clean Car,clean-car-shiny-black-mercedes.mov,unclear,general,result,Shiny black Mercedes car close-up,car parked clean,reveal,6,2,7,8,7,result,"car, clean, shiny, black, mercedes, wheel, detail, reflection"
IMG_1372.MOV,Clean Car,Clean Car,clean-car-front-bumper-broll.mov,unclear,general,broll,Close-up of clean car front bumper,show clean bumper,broll,5,1,5,7,6,supporting clean car visual,"car,clean,front,bumper,mercedes"
IMG_1373.mov,Clean Car,Clean Car,clean-car-reflection-detail.mov,unclear,general,result,Close-up of clean car reflections,show clean surface,reveal,6,3,8,7,7,Showcase clean car surface result,"car,clean,reflection,detail,exhaust,bumper"
IMG_1374.mov,Clean Car,Clean Car,clean-car-polished-black-mercedes.mov,unclear,general,result,Shiny polished black Mercedes close shots,show polished car,reveal,6,2,8,7,7,showcase polished car finish,"car,black,polished,shiny,wheels,mercedes,exterior,close-up"
IMG_1375.mov,Clean Car,Clean Car,clean-car-black-car-side-reflective.mov,unclear,general,result,Side view of clean black car,show car side,reveal,4,1,6,6,6,show clean car result with reflections,"car,clean,black,reflection,side-view,wheel"
IMG_1376.mov,Clean Car,Clean Car,clean-car-side-reflection.mov,unclear,general,result,Car side with clear reflections,show reflection,reveal,5,2,7,6,6,result,"car,reflection,clean,detail,wet-look"
IMG_1377.mov,Clean Car,Clean Car,clean-car-reflection-detail.mov,unclear,general,result,Car paint smooth shiny reflection,show car reflection,reveal,5,1,7,6,7,Car finish result footage,"car,clean,shine,reflection,black paint"
IMG_1378.mov,Clean Car,Clean Car,clean-car-black-mercedes-benz-front-detail.mov,unclear,general,result,Shiny clean black car close-up,show car details,reveal,7,2,8,7,7,Show clean car result footage,"car, clean, shiny, black, detail, wheels, front, headlight"
IMG_1379.mov,Clean Car,Clean Car,clean-car-exterior-broll.mov,unclear,general,broll,Close-up of clean car exterior,show car details,broll,5,1,3,8,6,Supporting footage to highlight cleanliness,"car, clean, exterior, wheel, paint, detail, reflection"
IMG_3977.mov,Clean Car,Clean Car,clean-car-reflective-side-and-wheel.mov,unclear,general,result,Reflective car body and clean wheels,show clean surface,reveal,6,2,8,7,7,result,"car,clean,wheel,reflection,black,shiny"
IMG_3978.mov,Clean Car,Clean Car,clean-car-soapy-side-broll.mov,unclear,general,broll,Soapy car side panel close-up,show car side,broll,4,2,3,8,6,Supporting footage to show clean car stage,"car, soap, wash, clean, panel, side, reflection, outdoor"
IMG_3979.mov,Clean Car,Clean Car,shiny-clean-car-result.mov,unclear,general,result,Shiny clean black car exterior,show clean car,reveal,5,2,7,6,7,result video showing clean car finish,"car,clean,black,exterior,shine,detail,reflection"
IMG_3980.mov,Clean Car,Clean Car,clean-car-soapy-wash-foam.mov,shampoo,foam,problem,Car covered in washing foam,car with foam,broll,6,4,3,7,6,establishing shot for washing process,"car, foam, shampoo, washing, soap, clean, exterior, black car"
IMG_3981.mov,Clean Car,Clean Car,clean-car-foam-coverage.mov,foam cannon / snow foam lance,foam,solution,car covered in foam wash,applying foam,broll,4,6,3,7,6,foam application supporting footage,"car, foam, wash, cleaning, detail, foam cannon"
IMG_3982.mov,Clean Car,Clean Car,clean-car-soapy-foam-on-driveway.mov,shampoo,foam,solution,Car covered in soapy foam,foam application,broll,4,6,3,7,5,supporting clip to show cleaning process,"car, foam, shampoo, cleaning, driveway, soap, washing"
IMG_3983.mov,Clean Car,Clean Car,clean-car-soap-foam-lather.mov,unclear,foam,broll,Black car covered in soap foam,car covered in foam,broll,5,3,6,8,7,supporting footage showing car wash foam,"car, foam, soap, black, clean, washing, exterior"
IMG_3984.mov,Clean Car,Clean Car,black-mercedes-soaped-car-wash.mov,shampoo,foam,solution,Car covered with shampoo foam,car washing,broll,4,6,3,7,6,supporting footage for washing step,"car, shampoo, cleaning, foam, foam cannon, washing, mercedes"
IMG_3926.mov,Clean Wheels,Clean Wheels,clean-wheels-reveal.mov,unclear,wheels,result,Clean shiny alloy wheel reveal,show clean wheel,reveal,7,2,8,6,7,result footage showing clean wheels,"clean, wheels, alloy, shiny, reveal"
IMG_3927.mov,Clean Wheels,Clean Wheels,clean-wheels-result.mov,unclear,wheels,result,Close-up of clean car wheels,show clean wheels,reveal,6,3,8,7,7,result video close-up,"car,wheels,clean,close-up,detail"
IMG_3928.mov,Clean Wheels,Clean Wheels,clean-wheel-showcase.mov,unclear,wheels,result,Close-up of clean wheel detail,show wheel,reveal,5,1,7,6,7,"result, broll","wheel, clean, detail, mercedes, close-up"
IMG_3929.mov,Clean Wheels,Clean Wheels,close-up-clean-wheel-detail.mov,unclear,wheels,result,Close-up of clean wheel,showing clean wheel,reveal,6,2,7,6,7,result,"wheel, clean, detail, close-up, rim"
IMG_3907.mov,Cleaning Wheels,Cleaning Wheels,wheel-cleaning-foam-application.mov,unclear,wheels,solution,Applying foam to wheel and tyre,spraying foam,demo,6,8,5,7,7,demonstrate wheel cleaning step,"wheel, tyre, cleaning, foam, spray, closeup, detail"
IMG_3908.mov,Cleaning Wheels,Cleaning Wheels,cleaning-wheels-soapy-closeup.mov,unclear,wheels,solution,Wheel coated with soapy foam,applying foam,demo,6,7,4,6,7,Demonstrate wheel cleaning step,"wheel,foam,cleaning,car,detail"
IMG_3909.mov,Cleaning Wheels,Cleaning Wheels,wheel-soap-on-mercedes-rim.mov,unclear,wheels,problem,Soapy wheel on Mercedes rim,wheel cleaning soap applied,demo,6,7,3,7,6,solution or problem clip showing dirty wheel,"wheel, soap, cleaning, mercedes, foam, rim, dirty"
IMG_3910.mov,Cleaning Wheels,Cleaning Wheels,cleaning-wheel-barrel-brush-demo.mov,xl barrel brush,wheels,solution,Cleaning wheel with XL barrel brush,cleaning wheel,demo,6,8,5,7,6,solution video showing product in use,"wheel cleaning, barrel brush, detailing, foam, soap"
IMG_3911.mov,Cleaning Wheels,Cleaning Wheels,wheel-cleaning-xl-barrel-brush-demo.mov,XL Barrel Brush,wheels,solution,Cleaning wheel with XL Barrel Brush,scrubbing wheel,demo,6,9,5,7,7,demonstrate cleaning product use,"wheel, cleaning, brush, soap, foam, detailing, car"
IMG_3912.mov,Cleaning Wheels,Cleaning Wheels,cleaning-wheels-barrel-brush-demo.mov,xl barrel brush,wheels,solution,Cleaning alloy wheel with barrel brush,scrubbing wheel,demo,7,9,6,8,7,Demonstrate cleaning action on wheel,"car,wheel,cleaning,barrel brush,foam,detailing"
IMG_3913.mov,Cleaning Wheels,Cleaning Wheels,cleaning-wheels-with-xl-barrel-brush.mov,XL Barrel Brush,wheels,solution,Cleaning car wheel with brush,scrubbing wheel,demo,6,8,5,7,7,solution demonstration,"car, wheel, cleaning, brush, soap, foamy, detail, scrub"
IMG_3914.mov,Cleaning Wheels,Cleaning Wheels,cleaning-wheels-barrel-brush-demo.mov,xl barrel brush,wheels,solution,Using barrel brush to clean wheel,scrubbing wheel with brush,demo,7,9,6,7,8,solution,"wheel,cleaning,barrel,brush,car,foam,detailing"
IMG_3915.mov,Cleaning Wheels,Cleaning Wheels,cleaning-wheel-with-barrel-brush.mov,xl barrel brush,wheels,solution,Cleaning wheel with XL barrel brush,scrubbing wheel,demo,7,9,6,7,8,demonstrating wheel cleaning product use,"wheel cleaning, barrel brush, soap, scrubbing, car care, car cleaning"
IMG_3916.mov,Cleaning Wheels,Cleaning Wheels,cleaning-wheel-with-barrel-brush.mov,xl barrel brush,wheels,solution,Scrubbing soapy wheel with brush,scrubbing wheel,demo,7,8,5,7,7,solution clip showing wheel cleaning,"wheel cleaning, brush, soap, car care, detailing"
IMG_3917.mov,Cleaning Wheels,Cleaning Wheels,cleaning-wheel-with-barrel-brush.mov,xl barrel brush,wheels,solution,Cleaning wheel with barrel brush,scrubbing wheel,demo,7,9,6,7,8,demonstrates product use cleaning wheels,"wheel, cleaning, brush, soap, foam, car"
IMG_3918.mov,Cleaning Wheels,Cleaning Wheels,cleaning-wheels-with-wash-mitt.mov,microfibre wash mitt,wheels,solution,washing wheel with microfibre mitt,washing wheels,demo,6,9,5,7,7,demonstrating wheel cleaning technique,"wheel cleaning, microfibre mitt, car care, detailing, foam"
IMG_3919.mov,Cleaning Wheels,Cleaning Wheels,cleaning-wheels-with-microfibre-wash-mitt.mov,microfibre wash mitt,wheels,solution,Washing wheel with microfibre mitt,washing wheel,demo,7,9,6,7,8,demonstrating product use on wheels,"wheel cleaning, microfibre mitt, car washing, soapy wheel, cleaning, foamy"
IMG_3920.mov,Cleaning Wheels,Cleaning Wheels,cleaning-wheels-with-microfibre-wash-mitt.mov,Microfibre Wash Mitt,wheels,solution,Cleaning wheel with wash mitt,scrubbing wheel,demo,6,8,5,7,7,product-use demonstration,"wheel, cleaning, soap, mitt, car care, detailing"
IMG_3921.mov,Cleaning Wheels,Cleaning Wheels,cleaning-wheel-with-microfibre-wash-mitt.mov,Microfibre Wash Mitt,wheels,solution,Cleaning wheel with microfibre mitt,cleaning wheel,demo,6,8,5,6,7,solution clip showing product use,"wheel cleaning, microfibre wash mitt, soap suds, closeup, car care"
IMG_3922.mov,Cleaning Wheels,Cleaning Wheels,cleaning-wheels-with-small-barrel-brush.mov,Small Barrel Brush,wheels,solution,Scrubbing wheel with small barrel brush,scrubbing wheel,demo,6,9,5,7,7,demonstrate wheel cleaning technique,"wheel,cleaning,scrub,brush,car-detailing,soap,cleaning-wheels"
IMG_3923.mov,Cleaning Wheels,Cleaning Wheels,cleaning-wheels-with-barrel-brush.mov,xl barrel brush,wheels,solution,Cleaning wheels with foam and brush,cleaning wheels,demo,6,8,5,6,7,demonstrate wheel cleaning with barrel brush,"wheels, cleaning, foam, barrel brush, demo"
IMG_3924.mov,Cleaning Wheels,Cleaning Wheels,cleaning-wheels-spray-rinse.mov,unclear,wheels,solution,Spraying wheel and tire with water,spraying wheel,demo,6,7,4,6,7,demonstrate wheel rinsing step,"wheel, tire, cleaning, rinsing, water spray, car detailing"
IMG_3925.mov,Cleaning Wheels,Cleaning Wheels,wheel-cleaning-pressure-wash.mov,unclear,wheels,solution,Pressure washing clean car wheel,pressure washing,demo,7,8,6,7,7,demonstrate wheel cleaning step,"car, wheel, cleaning, pressure wash, washing, detail, solution"
IMG_3905.mov,Dirty Wheels,Dirty Wheels,dirty-wheel-closeup-before.mov,unclear,wheels,problem,Close up of dirty wheel and tire,show dirty wheel,hook,7,2,3,6,6,problem,"wheel,dirt,close-up,tire,car"
IMG_1159.MOV,Foam Cannon,Foam Cannon,foam-cannon-snow-foam-application.mov,Foam Cannon / Snow Foam Lance,foam,demo,Snow foam applied to black car side,applying snow foam,demo,7,9,6,8,7,product demonstration,"car wash, snow foam, foam cannon, application, cleaning, black car, foam"
IMG_1162.MOV,Foam Cannon,Foam Cannon,foam-cannon-spray-on-car.mov,Foam Cannon / Snow Foam Lance,foam,solution,Applying foam on car surface,spray foam,demo,7,9,6,7,8,demonstrate foam application,"car, foam, snow foam, cleaning, spray, washing, detailing"
IMG_1163.MOV,Foam Cannon,Foam Cannon,applying-foam-with-premium-snow-foam-lance.mov,Street Kingz Premium Snow Foam Lance,foam,solution,Foam application on car with foam lance,applying foam,demo,7,9,6,7,8,Demonstrate foam lance use in car cleaning,"foam, foam lance, car wash, cleaning, demo, car detailing"
IMG_1166.MOV,Foam Cannon,Foam Cannon,,,,,ERROR: 'list' object has no attribute 'get',,,,,,,,,
IMG_3903.mov,Foam Cannon,Foam Cannon,foam-cannon-filling-and-mixing-shampoo.mov,Shampoo,foam,solution,Filling foam cannon with shampoo,filling and mixing,demo,6,8,4,7,7,demonstrate shampoo use in foam cannon,"car wash, shampoo, foam cannon, filling, mixing, car cleaning"
IMG_3904.mov,Foam Cannon,Foam Cannon,foam-cannon-premium-snow-foam-lance-demo.mov,Foam Cannon / Snow Foam Lance,foam,demo,Close-up of foam cannon filled with soap,holding foam cannon,demo,7,8,4,6,7,demonstrating product setup and readiness,"foam, cleaning, car wash, snow foam, demo, soap, premium foam lance"
IMG_3930.mov,Foam Cannon,Foam Cannon,foam-cannon-setup-solution.mov,Foam Cannon / Snow Foam Lance,foam,solution,Filling and assembling foam cannon,pouring and assembling,demo,6,9,5,7,7,Demonstrating foam cannon setup,"foam, setup, filling, snow foam, demo, product use"
IMG_3931.mov,Foam Cannon,Foam Cannon,foam-cannon-ready-to-use.mov,Foam Cannon / Snow Foam Lance,foam,product_showcase,foam cannon with clear liquid,holding foam cannon,product_shot,7,6,3,6,7,intro to foam cannon product,"foam cannon, snow foam, car wash, product shot, demo"
IMG_1009.MOV,Glass Cleaner,Glass Cleaner,dirty-car-window-glass-cleaner-intro.mov,Glass Cleaner,glass,problem,Dirty car window with smudges,showing dirty glass,hook,8,2,1,5,6,hook for problem identification,"car, window, dirty, glass, smudges, problem"
IMG_1010.MOV,Glass Cleaner,Glass Cleaner,glass-cleaner-side-window-cleaning.mov,Glass Cleaner,glass,solution,Cleaning dirty car side window,wiping window,demo,6,8,7,6,7,solution demo,"glass cleaner, car window, cleaning, wipe, dirt, detail, car care"
IMG_1224.MOV,Glass Cleaner,Glass Cleaner,spraying-and-wiping-streak-free-car-glass.mov,Glass Cleaner,glass,solution,Spraying and wiping car window,spray and wipe,demo,7,9,7,6,8,solution,"car, window, glass, cleaning, spray, wipe, door, reflection"
IMG_1225.MOV,Glass Cleaner,Glass Cleaner,glass-cleaner-car-window-before-after.mov,Glass Cleaner,glass,result,Before and after cleaned car window,show clean window,reveal,6,3,7,5,6,result,"glass cleaner, car window, before after, clean, detailing"
IMG_1226.MOV,Glass Cleaner,Glass Cleaner,glass-cleaner-mirror-before-after-move.mov,Glass Cleaner,glass,result,Mirror before and after cleaning,cleaning mirror,reveal,6,5,8,6,7,result,"glass cleaner, mirror, cleaning, before after, car detailing"
IMG_1227.MOV,Glass Cleaner,Glass Cleaner,glass-cleaner-application-and-result.mov,Glass Cleaner,glass,solution,Applying glass cleaner on car window,spraying and wiping,demo,6,8,6,7,7,demonstrating product application,"glass, cleaner, car, window, spray, wipe, demo, reflection, clean"
IMG_1228.MOV,Glass Cleaner,Glass Cleaner,glass-cleaner-demonstration-and-wipe.mov,Glass Cleaner,glass,solution,Cleaning car interior mirror with towel,wiping mirror,demo,6,8,7,6,7,demonstrates product use clearly,"car, interior, mirror, cleaning, glass cleaner, towel, wipe"
IMG_1229.MOV,Glass Cleaner,Glass Cleaner,glass-cleaner-demonstration.mov,Glass Cleaner,glass,demo,Cleaning car windscreen with glass cleaner,wiping glass clean,demo,6,8,7,5,6,solution,"glass cleaner, car cleaning, windscreen, wipe, demo, cleaning"
IMG_1230.MOV,Glass Cleaner,Glass Cleaner,glass-cleaner-application-and-wipe.mov,Glass Cleaner,glass,solution,Applying glass cleaner and wiping,spray and wipe glass,demo,6,9,7,6,7,solution,"glass, cleaning, spray, wipe, window, automotive, car care"
IMG_1003.mov,Interior Cleaner,Interior Cleaner,dirty-car-interior-before-cleaning.mov,Interior Cleaner,interior,problem,Dusty and dirty car interior surfaces,show dirt buildup,hook,9,2,1,5,7,open video showing interior cleaning need,"car, interior, dirty, dust, mess, dashboard, carpet, door sill"
IMG_1005.mov,Interior Cleaner,Interior Cleaner,interior-cleaner-dashboard-clean-demonstration.mov,Interior Cleaner,interior,demo,Cleaning car dashboard with interior cleaner,spray and wipe,demo,5,9,7,6,7,solution,"car,dashboard,cleaning,interior,interior cleaner,spray,wipe"
IMG_1007.MOV,Interior Cleaner,Interior Cleaner,cleaning-car-door-sill-interior-cleaner.mov,Interior Cleaner,interior,solution,Cleaning car door sill with interior cleaner,spraying and wiping,demo,5,8,6,5,6,product use demonstration,"car interior, cleaning, door sill, wiping, spray, microfiber"
IMG_1008.MOV,Interior Cleaner,Interior Cleaner,interior-cleaner-spray-and-wipe-seatback.mov,Interior Cleaner,interior,solution,Spraying and wiping dirty seatback clean,spraying and wiping,demo,7,9,8,7,7,solution footage showing product in use,"interior cleaner,car seatback,dirt removal,cleaning,car interior"
IMG_1310.mov,Jetwash Rinse,Jetwash Rinse,jetwash-rinse-car-taillight.mov,unclear,general,broll,Jetwash rinsing soapy car tail light,rinsing with jetwash,broll,5,4,3,7,6,supporting footage in wash process,"jetwash, rinse, tail light, soap, water, car wash, closeup"
IMG_1311.mov,Jetwash Rinse,Jetwash Rinse,jetwash-rinse-wheel-area.mov,unclear,general,solution,Jetwash rinsing car rear panel,jetwash rinse,demo,6,8,5,7,7,demonstrate rinse step after washing,"car, rinse, jetwash, cleaning, wash, wheel, panel, water"
IMG_1312.mov,Jetwash Rinse,Jetwash Rinse,jetwash-rinse-car-panel.mov,unclear,general,broll,Car panel rinsed with jetwash,rinsing car panel,broll,5,3,4,8,6,Supporting footage showing rinse process,"car, rinse, jetwash, wash, exterior, water, cleaning"
IMG_1313.mov,Jetwash Rinse,Jetwash Rinse,jetwash-rinse-wheel-and-tire.mov,unclear,wheels,solution,Rinsing wheel with jetwash,rinsing wheel,demo,6,7,5,7,6,Demonstrating rinsing wheels,"wheel, tire, rinse, cleaning, foam, soap, detail"
IMG_1314.mov,Jetwash Rinse,Jetwash Rinse,jetwash-rinse-rear-bumper.mov,unclear,general,broll,Water rinsing rear bumper,rinsing with water,broll,4,3,2,7,6,Supporting rinse footage in wash process,"water,rinse,car,bumper,soapy,cleaning"
IMG_1315.mov,Jetwash Rinse,Jetwash Rinse,car-hood-soapy-rinse.mov,unclear,general,broll,Soapy rinse of car hood,rinsing car hood,broll,4,2,3,7,6,supporting broll footage for washing process,"car, hood, rinse, soapy, wash, cleaning, detail, close-up"
IMG_1316.mov,Jetwash Rinse,Jetwash Rinse,jetwash-rinse-car-front.mov,unclear,general,broll,Water rinsing car front panel,rinsing car,broll,6,3,2,7,6,Supporting footage showing rinse process,"car, rinse, water, front, cleaning, detail, wash"
IMG_1168.MOV,Jetwash Snow,Jetwash Snow,car-covered-in-snow-foam.mov,shampoo,foam,problem,Car covered in thick snow foam,foam application,broll,6,7,4,8,7,supporting foam stage shots,"car, snow foam, shampoo, cleaning, foam coverage, wash"
IMG_1171.MOV,Jetwash Snow,Jetwash Snow,jetwash-snow-foam-on-car.mov,Foam Cannon / Snow Foam Lance,foam,solution,Applying snow foam on black car,spraying foam,demo,7,8,5,6,7,Demonstrates product application,"foam,snow foam,car wash,cleaning,black car,wheel"
IMG_1172.MOV,Jetwash Snow,Jetwash Snow,jetwash-snow-foam-application.mov,Foam Cannon / Snow Foam Lance,foam,solution,Snow foam covering car surface,applying snow foam,demo,6,8,5,7,7,demonstrating product use applying foam,"car, cleaning, foam, snow foam, jetwash, demo, exterior, wash"
IMG_1174.MOV,Jetwash Snow,Jetwash Snow,jetwash-snow-foam-removal.mov,Foam Cannon / Snow Foam Lance,foam,solution,Removing snow foam with jetwash,spraying foam off,demo,6,8,7,6,7,demonstrate foam removal step,"car wash, foam removal, jetwash, snow foam, luxury car, cleaning"
IMG_1175.MOV,Jetwash Snow,Jetwash Snow,jetwash-snow-foam-wash.mov,foam cannon / snow foam lance,foam,solution,Car covered in snow foam wash,applying snow foam,demo,7,9,8,6,8,demonstrate foam application process,"car, snow foam, foam cannon, cleaning, washing, demo, foam, street kingz"
IMG_1176.MOV,Jetwash Snow,Jetwash Snow,jetwash-snow-foam-application.mov,unclear,foam,solution,Applying snow foam to car exterior,spraying foam,demo,6,8,5,7,7,Show foam product application,"car, snow foam, washing, cleaning, spray, foam, exterior"
IMG_3943.mov,Jetwash Snow,Jetwash Snow,snow-foam-on-black-car-tail.mov,foam cannon / snow foam lance,foam,solution,snow foam on black car tail,applying snow foam,demo,7,8,5,7,8,demonstrating snow foam application,"foam, snow foam, car cleaning, black car, tail light, washing, demo"
IMG_3944.mov,Jetwash Snow,Jetwash Snow,jetwash-snow-foam-on-car.mov,unclear,foam,solution,car covered in thick snow foam,spraying foam,demo,6,7,4,5,6,demonstrating foam application,"car, snow foam, wash, cleaning, black car, foam cannon, jetwash"
IMG_3945.mov,Jetwash Snow,Jetwash Snow,snow-foam-on-car-side.mov,unclear,foam,solution,snow foam covers car side,applying snow foam,demo,6,7,4,6,7,demonstrating snow foam application,"car, snow foam, cleaning, washing, foam, jetwash, detail"
IMG_3946.mov,Jetwash Snow,Jetwash Snow,jetwash-snow-foam-application.mov,foam cannon / snow foam lance,foam,solution,applying snow foam to black car,spraying foam,demo,7,9,4,8,8,demonstrate foam application step,"snow foam,car wash,foam,black car,cleaning,car detailing"
IMG_3947.mov,Jetwash Snow,Jetwash Snow,car-being-washed-with-snow-foam.mov,foam cannon / snow foam lance,foam,solution,Applying snow foam to a car,spraying foam,demo,6,8,5,7,7,demonstrate foam application step,"car, snow foam, washing, cleaning, demo"
IMG_3948.mov,Jetwash Snow,Jetwash Snow,snow-foam-application-on-car.mov,foam cannon,foam,solution,Applying snow foam to car surface,spraying snow foam,demo,6,8,5,7,7,showing foam application process,"car, cleaning, snow foam, foam cannon, washing, detailing"
IMG_3949.mov,Jetwash Snow,Jetwash Snow,car-washed-with-jetwash-snow-foam.mov,shampoo,foam,solution,Car covered in foam snow shampoo,foam application,demo,6,8,4,7,7,demonstrate foam application step,"car, foam, shampoo, cleaning, jetwash, snow foam, washing, detailing"
IMG_3950.mov,Jetwash Snow,Jetwash Snow,car-hood-covered-in-foam.mov,unclear,foam,broll,Car hood fully covered in foam,show foam coverage,broll,7,4,3,8,7,supporting footage showing foam coverage,"car, foam, snow foam, cleaning, washing, close-up, car hood"
IMG_3951.mov,Jetwash Snow,Jetwash Snow,car-front-foam-application-sunset.mov,foam cannon / snow foam lance,foam,solution,Applying snow foam to car front,spraying foam,demo,6,8,5,7,7,demonstrating foam application process,"car, foam, snow foam, washing, cleaning, demo, outdoor, sunset"
IMG_1235.MOV,Origin Range,Origin Range,origin-range-product-shot.mov,"Glass Cleaner, Shampoo, Multiclean",product,product_showcase,Origin Range cleaning products lineup,display bottles,product_shot,6,2,2,7,6,product_showcase,"origin range, car cleaning, glass cleaner, shampoo, multiclean, product display"
IMG_1236.MOV,Origin Range,Origin Range,origin-range-product-showcase.mov,"shampoo, glass cleaner, multiclean",product,product_showcase,Origin Range cleaning products lineup,show products,product_shot,6,3,2,7,6,product introduction and brand awareness,"origin range, car cleaning, shampoo, glass cleaner, multiclean, product showcase, bottles"
Buucket foam.MOV,Shampoo,Shampoo,bucket-foaming-with-water.mov,shampoo,general,broll,bucket filling with foamy water,spraying water,broll,5,4,3,8,6,supporting footage of prepping car wash,"bucket, water, soap, foam, car wash, cleaning, orange bucket"
IMG_1177.MOV,Shampoo,Shampoo,filling-bucket-with-water.mov,unclear,general,solution,Filling bucket with water,filling bucket,demo,6,7,2,5,6,Show start of car wash prep,"water,bucket,car wash,cleaning,pressure washer"
IMG_1178.MOV,Shampoo,Shampoo,filling-bucket-for-shampoo.mov,buckets and grit guards,general,solution,Filling bucket with water,filling bucket,demo,4,7,3,6,5,solution,"bucket,water,filling,cleaning,car wash"
IMG_1179.MOV,Shampoo,Shampoo,bucket-being-filled-with-water.mov,buckets and grit guards,general,broll,Orange bucket filling with water,filling bucket,broll,4,3,2,7,5,Supporting footage in washing process,"bucket, water, filling, outdoor, wash"
IMG_1180.MOV,Shampoo,Shampoo,adding-shampoo-to-bucket.mov,Shampoo,general,solution,pouring shampoo into washing bucket,pour shampoo,demo,5,8,3,6,6,showing shampoo preparation step,"bucket, shampoo, pouring, car wash, cleaning, detailing"
IMG_1181.MOV,Shampoo,Shampoo,pouring-shampoo-into-bucket.mov,Shampoo,general,solution,Pouring shampoo into bucket,pour shampoo,demo,5,8,3,7,6,demonstrate shampoo use,"bucket, shampoo, car wash, cleaning, pouring, hand, black car"
IMG_1182.MOV,Shampoo,Shampoo,adding-shampoo-to-bucket.mov,Shampoo,general,solution,Adding shampoo to orange bucket,pour shampoo,demo,6,9,4,5,6,solution,"shampoo,bucket,car wash,detailing,cleaning"
IMG_1361.mov,Shampoo,Shampoo,shampoo-product-shot.mov,Shampoo,product,product_showcase,Close-up of shampoo bottle on car,showing product,product_shot,6,3,4,7,6,"product showcase, broll","shampoo, car, bottle, product, close-up"
IMG_1362.mov,Shampoo,Shampoo,shampoo-product-closeup.mov,Shampoo,product,product_showcase,Close-up of shampoo bottle,showing product,product_shot,6,2,1,7,6,product showcase or b-roll,"shampoo, car, detailing, bottle, product, closeup, uk"
IMG_1363.mov,Shampoo,Shampoo,shampoo-product-shot.mov,Shampoo,product,product_showcase,Close-up of car shampoo bottle,show product,product_shot,6,1,1,7,6,product showcase intro or filler,"car, shampoo, product, bottle, black, closeup, washing"
IMG_1293.mov,Shampoo:Snow Car,Shampoo:Snow Car,car-covered-in-snow-foam.mov,shampoo,foam,problem,car covered in snow foam,car foam wash,broll,6,5,3,7,7,problem,"car,foam,shampoo,cleaning,suds,car wash"
IMG_1294.mov,Shampoo:Snow Car,Shampoo:Snow Car,snow-foam-on-car.mov,shampoo,foam,solution,car covered in snow foam,applying snow foam,demo,7,8,5,7,7,demonstrating snow foam application,"car, foam, shampoo, cleaning, washing, soap, detail"
IMG_1295.mov,Shampoo:Snow Car,Shampoo:Snow Car,snow-foam-on-car-tail-light.mov,shampoo,foam,solution,Snow foam covering car surface,applying snow foam,demo,6,8,4,7,7,Demonstrate shampoo foam application,"shampoo, snow foam, car wash, foam, cleaning, detailing, soap, bubbles, exterior"
IMG_1296.mov,Shampoo:Snow Car,Shampoo:Snow Car,car-washing-soapy-foam.mov,shampoo,foam,solution,Car with shampoo foam applied,applying foam,demo,5,7,3,6,6,demonstrate shampoo foam application,"car, shampoo, foam, washing, cleaning"
IMG_1297.mov,Shampoo:Snow Car,Shampoo:Snow Car,shampoo-and-snow-foam-lance-application.mov,Shampoo,foam,solution,Car covered in snow foam shampoo,applying shampoo foam,demo,8,9,6,7,8,solution clip showing product use,"car, shampoo, snow foam, washing, cleaning"
IMG_1298.mov,Shampoo:Snow Car,Shampoo:Snow Car,car-covered-in-snow-foam.mov,shampoo,foam,problem,Car covered in snow foam,car covered in foam,hook,8,5,3,6,7,opening hook showing foam coverage,"car,wash,foam,shampoo,snow-foam,cleaning"
IMG_1299.mov,Shampoo:Snow Car,Shampoo:Snow Car,car-soaped-up-close.mov,shampoo,foam,solution,Car covered in soap foam,applying shampoo foam,demo,6,8,5,7,8,clear demonstration of shampoo application,"car, foam, shampoo, cleaning, wash, close-up, black-car"
IMG_3932.mov,Shampoo:Snow Car,Shampoo:Snow Car,snow-foam-car-shampoo-application.mov,Shampoo,foam,solution,Applying snow foam shampoo on car,spraying foam,demo,6,8,4,7,7,Showcase product use in cleaning process,"car wash, foam, shampoo, snow foam, cleaning, black car"
IMG_3933.mov,Shampoo:Snow Car,Shampoo:Snow Car,black-car-covered-in-snow-foam.mov,shampoo,foam,solution,Car covered with snow foam,applying foam,demo,6,8,5,6,7,demo,"car, snow foam, shampoo, cleaning, black car, foam application"
IMG_3934.mov,Shampoo:Snow Car,Shampoo:Snow Car,car-wet-snow-foam-application.mov,Shampoo,foam,solution,Applying snow foam on the car,spraying foam,demo,7,9,5,7,7,solution clip showing foam application,"car,wash,foam,snow,cleaning,black car"
IMG_3935.mov,Shampoo:Snow Car,Shampoo:Snow Car,snow-foam-application.mov,shampoo,foam,solution,Applying snow foam shampoo on car,spraying foam,demo,7,9,5,6,8,solution demo for foam shampoo,"car, shampoo, snow foam, washing, cleaning, foam cannon, demo"
IMG_1164.MOV,Snow Pan,Snow Pan,foam-lance-application-on-snow-pan.mov,Foam Cannon / Snow Foam Lance,foam,solution,Applying thick foam on car surface,applying foam,demo,7,9,6,7,8,solution clip showing foam coverage,"foam, snow foam, car wash, foam lance, cleaning, soap, car surface, white foam"
IMG_1167.MOV,Snow Pan,Snow Pan,car-covered-in-thick-foam.mov,Foam Cannon / Snow Foam Lance,foam,solution,Car fully covered in snow foam,applying snow foam,demo,7,9,6,8,7,solution step in foam detailing,"car, foam, snow foam, washing, cleaning, foam lance"
IMG_3936.mov,Snow Pan,Snow Pan,car-covered-in-snow-foam.mov,Foam Cannon / Snow Foam Lance,foam,solution,Car covered in thick snow foam,applying snow foam,demo,7,8,5,7,8,demonstrates foam application step clearly,"car, snow foam, foam lance, washing, cleaning"
IMG_3937.mov,Snow Pan,Snow Pan,snow-foam-on-car-lower-panel.mov,unclear,foam,broll,Snow foam covering car lower panel,applying snow foam,broll,6,3,2,7,7,Supporting footage for foam usage,"snow foam,car wash,wash process,foam coverage,car lower panel"
IMG_3938.mov,Snow Pan,Snow Pan,car-rear-foam-detailing.mov,shampoo,foam,solution,Car rear covered in foam,applying foam,demo,6,8,5,7,7,solution clip showing foam application,"car, foam, shampoo, cleaning, rear, soap, detail, close-up"
IMG_3939.mov,Snow Pan,Snow Pan,snow-foam-dripping-under-car.mov,Foam Cannon / Snow Foam Lance,foam,broll,Foam drips under car side panel,foam dripping,broll,5,4,3,8,7,supporting visual for foam application,"foam, snow foam, washing, car cleaning, undercarriage, detail"
IMG_3940.mov,Snow Pan,Snow Pan,snow-foam-on-car-body-and-wheels.mov,foam cannon / snow foam lance,foam,solution,Foam applied on car body and wheels,applying foam,demo,5,9,4,6,8,demonstrates foam application on car,"car,foam,cleaning,wheels,body,suds"
IMG_3941.mov,Snow Pan,Snow Pan,snow-foam-car-wash-detail.mov,Foam Cannon / Snow Foam Lance,foam,solution,Car covered in thick snow foam,applying foam,demo,7,9,5,7,8,solution,"car, foam, washing, cleaning, snow foam, detailing"
IMG_3942.mov,Snow Pan,Snow Pan,snow-foam-on-car-front.mov,Foam Cannon / Snow Foam Lance,foam,solution,Foam application on car front,applying foam,demo,7,8,5,6,7,Show foam product in use,"foam, snow foam, car front, cleaning, detailing"
IMG_1189.MOV,Wash Mitt,Wash Mitt,microfibre-wash-mitt-cleaning-car.mov,Microfibre Wash Mitt,general,solution,Using wash mitt to clean car,washing car,demo,6,8,5,4,6,demonstrate product use,"microfibre wash mitt, car cleaning, washing, foam, soap, manual cleaning"
IMG_1190.MOV,Wash Mitt,Wash Mitt,microfibre-wash-mitt-soaping-car.mov,Microfibre Wash Mitt,general,solution,Using wash mitt to clean car,washing car,demo,6,8,4,5,7,solution clip showing product use,"car wash, microfibre mitt, cleaning, soap, suds, foam, black car"
IMG_1191.MOV,Wash Mitt,Wash Mitt,microfibre-wash-mitt-on-soapy-car-side.mov,Microfibre Wash Mitt,general,demo,Using wash mitt on soapy car side,washing car side,demo,6,8,4,7,7,demonstrating wash mitt in use,"car wash, soap, microfibre mitt, cleaning, vehicle, suds"
IMG_1192.MOV,Wash Mitt,Wash Mitt,microfibre-wash-mitt-on-soapy-car.mov,Microfibre Wash Mitt,foam,demo,Using wash mitt on soapy car side,washing car with mitt,demo,7,8,5,6,7,Demonstrating product use and foam coverage,"car, washing, soap, mitt, microfibre, cleaning, foam"
IMG_1193.MOV,Wash Mitt,Wash Mitt,microfibre-wash-mitt-showing-foam-on-hood.mov,Microfibre Wash Mitt,foam,demo,Foaming wash mitt on car hood,applying foam,demo,7,9,6,7,8,Demonstrating wash mitt foam application,"microfibre mitt, foam, car wash, detailing, cleaning, hand wash"
IMG_1300.mov,Wash Mitt,Wash Mitt,car-foamed-close-up.mov,Microfibre Wash Mitt,foam,problem,Car covered in soap foam,show soap foam coverage,broll,5,3,2,8,7,filler or intro shot,"car, foam, soap, close-up, washing, suds, shine"
IMG_1301.mov,Wash Mitt,Wash Mitt,microfibre-wash-mitt-washing-foam.mov,Microfibre Wash Mitt,general,solution,Washing car with foam wash mitt,washing car,demo,6,9,4,6,7,demonstrate washing with wash mitt,"car wash, foam, microfibre, cleaning, mitt"
IMG_1302.mov,Wash Mitt,Wash Mitt,microfibre-wash-mitt-cleaning-headlight.mov,Microfibre Wash Mitt,general,demo,Cleaning car headlight with wash mitt,washing,demo,5,8,3,6,7,Product use demonstration,"car washing, headlight, microfibre wash mitt, cleaning, foam, car care"
IMG_1303.mov,Wash Mitt,Wash Mitt,washing-car-with-microfibre-wash-mitt.mov,Microfibre Wash Mitt,general,demo,Using wash mitt on car hood,wiping car hood,demo,6,8,5,6,7,Show how to use wash mitt effectively,"washing, car, microfibre, mitt, cleaning, foam"
IMG_1304.mov,Wash Mitt,Wash Mitt,microfibre-wash-mitt-foam-application.mov,Microfibre Wash Mitt,general,solution,Applying foam with wash mitt,applying foam,demo,7,9,6,7,8,Demonstrating product use during wash,"car wash, foam, microfibre wash mitt, cleaning, detail, soap application"
IMG_1305.mov,Wash Mitt,Wash Mitt,microfibre-wash-mitt-cleaning-car.mov,Microfibre Wash Mitt,general,demo,Cleaning car with microfibre wash mitt,washing car panels,demo,7,9,6,7,8,show how to use wash mitt,"car wash, microfibre, wash mitt, cleaning, soap suds, detailing, car care"
IMG_1306.mov,Wash Mitt,Wash Mitt,microfibre-wash-mitt-foam-application.mov,Microfibre Wash Mitt,foam,solution,Applying foam with wash mitt,washing car,demo,7,9,4,6,8,Show how to properly use wash mitt foam application,"car wash, foam, wash mitt, microfibre, cleaning, suds, demo"
IMG_1307.mov,Wash Mitt,Wash Mitt,microfibre-wash-mitt-soapy-car-wash.mov,Microfibre Wash Mitt,general,demo,Cleaning car with soapy wash mitt,wiping car surface,demo,6,8,4,5,7,Use to demonstrate product in action,"car wash, microfibre wash mitt, cleaning, soap, detailing"
IMG_1308.mov,Wash Mitt,Wash Mitt,microfibre-wash-mitt-on-car-taillight.mov,Microfibre Wash Mitt,general,solution,Washing car taillight with wash mitt,washing car surface,demo,6,8,5,7,7,Show how to use wash mitt on detailed surfaces,"car washing, microfibre mitt, taillight, soap, car cleaning, detailing"
IMG_1309.mov,Wash Mitt,Wash Mitt,microfibre-wash-mitt-on-car-taillight.mov,Microfibre Wash Mitt,general,demo,Washing car taillight with mitt,applying wash mitt,demo,6,8,5,6,7,demonstrating product use on car,"car wash, microfibre, mitt, taillight, soap, suds, cleaning, close-up"
IMG_1317.mov,Wash Mitt,Wash Mitt,microfibre-wash-mitt-packaging-and-clean-car.mov,Microfibre Wash Mitt,general,product_showcase,Clean car and wash mitt packaging,show packaging and car,demo,5,7,6,6,7,Introduce microfibre wash mitt product,"microfibre, wash mitt, car, product packaging, clean, demo"
IMG_1321.mov,Wash Mitt,Wash Mitt,microfibre-wash-mitt-demo-on-wet-car.mov,Microfibre Wash Mitt,general,demo,Washing car with microfibre mitt,washing car surface,demo,7,9,5,6,7,showing mitt use on car paint,"car wash, microfibre mitt, cleaning, mitt demo, car detailing"
IMG_3957.mov,Wash Mitt,Wash Mitt,car-soaped-with-microfibre-wash-mitt.mov,Microfibre Wash Mitt,foam,solution,Car covered in soap foam,applying soap foam,demo,7,8,4,6,7,Demonstrating product use and foam coverage,"car, soap foam, washing, microfibre, detailing, clean"
IMG_3958.mov,Wash Mitt,Wash Mitt,microfibre-wash-mitt-rinsing-soapy-water.mov,Microfibre Wash Mitt,general,demo,Rinsing microfibre wash mitt in bucket,rinsing wash mitt,demo,5,8,3,6,6,Demonstrating wash mitt cleaning process,"microfibre, wash mitt, rinsing, car wash, bucket, soap, cleaning"
IMG_3959.mov,Wash Mitt,Wash Mitt,microfibre-wash-mitt-cleaning-tail-light.mov,Microfibre Wash Mitt,general,demo,Cleaning car tail light with wash mitt,wiping tail light,demo,6,8,7,6,7,solution,"car wash,microfibre,mitt,cleaning,tail light,soapy water"
IMG_3960.mov,Wash Mitt,Wash Mitt,microfibre-wash-mitt-on-car-soapy-surface.mov,Microfibre Wash Mitt,general,demo,Washing car with microfibre mitt,washing car surface,demo,6,8,5,7,7,demo video showing product in use,"car wash, microfibre mitt, soapy, cleaning, detail, black car, close up"
IMG_3961.mov,Wash Mitt,Wash Mitt,microfibre-wash-mitt-cleaning-car.mov,Microfibre Wash Mitt,general,demo,Washing car with microfibre mitt,washing car panel,demo,6,8,5,6,7,show how the wash mitt cleans car,"microfibre wash mitt,car wash,cleaning,foam,car detailing"
IMG_3962.mov,Wash Mitt,Wash Mitt,microfibre-wash-mitt-foam-car-panel.mov,Microfibre Wash Mitt,foam,demo,Applying foam with wash mitt,washing car panel,demo,6,8,5,7,7,demonstrating foam use with wash mitt,"car, foam, washing, microfibre, mitt, cleaning, detailing"
IMG_3963.mov,Wash Mitt,Wash Mitt,microfibre-wash-mitt-foam-on-car.mov,Microfibre Wash Mitt,foam,demo,Applying foam with wash mitt,applying foam,demo,6,8,5,7,7,show product use and foam application,"foam, washing, car, microfibre, wash mitt, soap, cleaning"
IMG_3964.mov,Wash Mitt,Wash Mitt,microfibre-wash-mitt-foam-application.mov,Microfibre Wash Mitt,foam,solution,Applying foam with wash mitt,applying foam,demo,6,8,5,7,7,solution demo to show foam usage,"microfibre wash mitt, foam, car cleaning, washing, car detailing"
IMG_3965.mov,Wash Mitt,Wash Mitt,washing-car-with-microfibre-wash-mitt.mov,Microfibre Wash Mitt,general,solution,Man washing car with wash mitt,washing car,demo,7,9,6,7,8,Demonstrate wash mitt usage,"car wash, microfibre mitt, cleaning, black car, foam"
IMG_3966.mov,Wash Mitt,Wash Mitt,microfibre-wash-mitt-cleans-car-roof.mov,Microfibre Wash Mitt,general,demo,Cleaning car roof with mitt,washing car roof,demo,6,8,5,6,6,showing how mitt cleans dirty car,"car wash, roof, cleaning, microfibre mitt, demo"
IMG_3967.mov,Wash Mitt,Wash Mitt,microfibre-wash-mitt-foam-application.mov,Microfibre Wash Mitt,general,solution,Applying foam with wash mitt,applying foam,demo,5,8,6,7,7,Use in middle of video to show product use,"foam, wash, mitt, microfibre, car, cleaning, soap, wash"
IMG_7966.MOV,Wash Mitt,Wash Mitt,microfibre-wash-mitt-soapy-car-wash.mov,Microfibre Wash Mitt,general,solution,Applying soap with wash mitt,washing car,demo,7,9,6,7,8,demonstrates product use effectively,"car wash, soap, microfibre mitt, cleaning, foamy, DIY, detailing"
IMG_8989.mov,Wash Mitt,Wash Mitt,microfibre-wash-mitt-on-soapy-car.mov,Microfibre Wash Mitt,general,solution,Cleaning car with wash mitt,wiping car surface,demo,6,8,5,6,7,demonstrate product use on car wash,"car wash, microfibre mitt, cleaning, soapy, vehicle, detailing"
IMG_8991.mov,Wash Mitt,Wash Mitt,microfibre-wash-mitt-soapy-car-door.mov,Microfibre Wash Mitt,general,demo,Washing car door with wash mitt,washing car,demo,7,9,5,7,7,demonstrate wash mitt in use cleaning,"car wash, wash mitt, microfibre, cleaning, soap, car door, bubbles"
IMG_8993.mov,Wash Mitt,Wash Mitt,microfibre-wash-mitt-washing-car-panel.mov,Microfibre Wash Mitt,general,demo,Washing car door with wash mitt,washing car panel,demo,6,8,5,6,7,demonstrating product use on car,"car wash, wash mitt, cleaning, car detailing, suds, microfibre"
IMG_8994.mov,Wash Mitt,Wash Mitt,microfibre-wash-mitt-on-soapy-car.mov,Microfibre Wash Mitt,general,demo,Wash mitt cleaning soapy car panel,washing car panel,demo,6,8,5,7,7,demonstrate product in use,"car wash,microfibre mitt,soap,cleaning,car panel"
IMG_8996.mov,Wash Mitt,Wash Mitt,microfibre-wash-mitt-cleaning-trunk.mov,Microfibre Wash Mitt,general,demo,Cleaning car trunk with wash mitt,washing car trunk,demo,6,8,5,7,7,demonstrating product use on car surface,"car wash, microfibre mitt, cleaning, black car, trunk, soap foam"
IMG_8997.mov,Wash Mitt,Wash Mitt,microfibre-wash-mitt-foam-washing.mov,Microfibre Wash Mitt,general,solution,Washing car with microfibre mitt,washing car,demo,6,8,5,7,7,Demonstrates product use in car washing,"car wash,microfibre mitt,foam,cleaning,car detailing"
IMG_4019.mov,Glass Inbox,Glass Inbox,water-repellent-on-car-glass.mov,unclear,glass,broll,Water repellent on car glass,show water droplets,broll,6,5,4,8,7,B-roll footage for glass treatment,"glass, water-repellent, droplets, car, detailing"
IMG_4023.mov,General Inbox,General Inbox,car-wax-wipe-broll.mov,unclear,general,broll,wiping wax on car hood,wiping car surface,broll,3,4,2,8,7,broll,"wipe,car,shine,reflection,cleaning"
IMG_4039.mov,Drying Inbox,Drying Inbox,car-surface-wet-to-dry-transition.mov,unclear,drying,broll,Wet car surface to dry transition,wiping dry,broll,4,6,3,8,7,broll,"car,drying,wiping,waterdrops,cleaning"
IMG_3230.MOV,General Inbox,General Inbox,person_detailing_car_door.mov,unclear,general,broll,Person wiping car door,wiping car door,broll,4,5,3,7,6,broll,"car, detailing, wiping, door, exterior"
IMG_3328.MOV,Foam Inbox,Foam Inbox,foam-spraying-on-black-car.mov,foam cannon,foam,demo,Man spraying foam on car,spraying foam,demo,6,8,5,7,7,demo,"foam,car cleaning,car wash,detailing"
IMG_3336.MOV,Drying Inbox,Drying Inbox,drying-car-with-towel.mov,towel,drying,demo,Drying wet car surface,drying car,demo,5,8,3,6,7,demo,"drying,towel,car care,wet surface"
IMG_3388.MOV,General Inbox,General Inbox,side-profile-black-car-broll.mov,unclear,general,broll,Side view of black car outdoors,car parked,broll,3,2,3,8,6,background or context shot,"car, side profile, outdoor, parked, general car detailing"
IMG_3329.MOV,Foam Inbox,Foam Inbox,foam-application-on-car-trunk.mov,unclear,foam,demo,Applying foam on car trunk,spraying foam,demo,6,8,4,7,7,demo,"foam,car washing,cleaning,detailing"
IMG_3331.MOV,Foam Inbox,Foam Inbox,using-foam-cannon-on-car.mov,foam cannon,foam,demo,Man using foam cannon on car,applying foam,demo,6,8,4,7,7,demo,"foam,car wash,cleaning,demo"
IMG_3334.MOV,General Inbox,General Inbox,man-washing-car-trunk-foilade-mitt.mov,unclear,general,broll,Man washing black car trunk,washing car,broll,3,5,2,8,6,background footage,"car wash, car care, detailing, black car, cleaning"
IMG_3335.MOV,General Inbox,General Inbox,washing-car-with-mitt.mov,unclear,general,demo,Washing car with mitt,washing car,demo,5,8,4,6,7,demo,"car-wash, mitt, washing, detailing"
IMG_3072.mov,Foam Inbox,Foam Inbox,car-detailing-foam-treatment-on-fuel-door.mov,unclear,foam,demo,Foam brush cleaning car fuel door,applying foam,demo,5,8,4,7,7,demo,"foam,cleaning,fuel door,car detailing"
IMG_3231.MOV,Interior Inbox,Interior Inbox,interior-cleaning-broll.mov,unclear,interior,broll,Cleaning car interior dashboard,wiping dashboard,broll,4,6,5,8,6,broll,"car, interior, cleaning, dashboard, wipe, detailing"
